{
  "ID": "af0da0c9-3c57-4a75-965c-65635bd7e845",
  "Version": "3.10.0.0",
  "Name": "endAll",
  "Content": {
    "Content": {
      "Animation": {
        "Duration": 0,
        "Speed": 1.0,
        "Timelines": [],
        "ctype": "TimelineActionData"
      },
      "AnimationList": [],
      "ObjectData": {
        "Tag": 1209,
        "Children": [
          {
            "FileData": {
              "Type": "Normal",
              "Path": "gameEndNew/bac-3.png",
              "Plist": ""
            },
            "Scale9OriginX": 422,
            "Scale9OriginY": 237,
            "Scale9Width": 436,
            "Scale9Height": 246,
            "TouchEnable": true,
            "AnchorPoint": {
              "ScaleX": 0.5,
              "ScaleY": 0.5
            },
            "Position": {
              "X": 640.0,
              "Y": 360.0
            },
            "Scale": {
              "ScaleX": 1.0,
              "ScaleY": 1.0
            },
            "CColor": {},
            "IconVisible": false,
            "PrePosition": {
              "X": 0.5,
              "Y": 0.5
            },
            "PreSize": {
              "X": 1.0,
              "Y": 1.0
            },
            "Tag": 75,
            "ActionTag": 601031859,
            "Size": {
              "X": 1280.0,
              "Y": 720.0
            },
            "Name": "back",
            "ctype": "ImageViewObjectData"
          },
          {
            "FontSize": 14,
            "ButtonText": "",
            "TextColor": {
              "R": 65,
              "G": 65,
              "B": 70
            },
            "DisabledFileData": {
              "Type": "Default",
              "Path": "Default/Button_Disable.png",
              "Plist": ""
            },
            "PressedFileData": {
              "Type": "Normal",
              "Path": "gameEndNew/btn_share_press.png",
              "Plist": ""
            },
            "NormalFileData": {
              "Type": "Normal",
              "Path": "gameEndNew/btn_share_normal.png",
              "Plist": ""
            },
            "Scale9Enable": true,
            "Scale9OriginX": 15,
            "Scale9OriginY": 11,
            "Scale9Width": 140,
            "Scale9Height": 43,
            "OutlineColor": {
              "G": 0,
              "B": 0
            },
            "ShadowColor": {
              "R": 110,
              "G": 110,
              "B": 110
            },
            "ShadowOffsetX": 2.0,
            "ShadowOffsetY": -2.0,
            "TouchEnable": true,
            "AnchorPoint": {
              "ScaleX": 0.5,
              "ScaleY": 0.5
            },
            "Position": {
              "X": 939.9999,
              "Y": 40.0
            },
            "Scale": {
              "ScaleX": 1.0,
              "ScaleY": 1.0
            },
            "CColor": {},
            "IconVisible": false,
            "PrePosition": {
              "X": 0.7344,
              "Y": 0.0556
            },
            "PreSize": {
              "X": 0.1328,
              "Y": 0.0903
            },
            "LeftMargin": 854.9999,
            "RightMargin": 255.0001,
            "TopMargin": 647.5,
            "BottomMargin": 7.5,
            "Tag": 72,
            "ActionTag": -546708211,
            "Size": {
              "X": 170.0,
              "Y": 65.0
            },
            "Name": "share",
            "ctype": "ButtonObjectData"
          },
          {
            "FontSize": 14,
            "ButtonText": "",
            "TextColor": {
              "R": 65,
              "G": 65,
              "B": 70
            },
            "DisabledFileData": {
              "Type": "Default",
              "Path": "Default/Button_Disable.png",
              "Plist": ""
            },
            "PressedFileData": {
              "Type": "Normal",
              "Path": "gameEndNew/btn_return_press.png",
              "Plist": ""
            },
            "NormalFileData": {
              "Type": "Normal",
              "Path": "gameEndNew/btn_return_normal.png",
              "Plist": ""
            },
            "Scale9Enable": true,
            "Scale9OriginX": 15,
            "Scale9OriginY": 11,
            "Scale9Width": 140,
            "Scale9Height": 43,
            "OutlineColor": {
              "G": 0,
              "B": 0
            },
            "ShadowColor": {
              "R": 110,
              "G": 110,
              "B": 110
            },
            "ShadowOffsetX": 2.0,
            "ShadowOffsetY": -2.0,
            "TouchEnable": true,
            "AnchorPoint": {
              "ScaleX": 0.5,
              "ScaleY": 0.5
            },
            "Position": {
              "X": 510.0,
              "Y": 40.0
            },
            "Scale": {
              "ScaleX": 1.0,
              "ScaleY": 1.0
            },
            "CColor": {},
            "IconVisible": false,
            "PrePosition": {
              "X": 0.3984,
              "Y": 0.0556
            },
            "PreSize": {
              "X": 0.1328,
              "Y": 0.0903
            },
            "LeftMargin": 425.0,
            "RightMargin": 685.0,
            "TopMargin": 647.5,
            "BottomMargin": 7.5,
            "Tag": 67,
            "ActionTag": 1539874248,
            "Size": {
              "X": 170.0,
              "Y": 65.0
            },
            "Name": "tohome",
            "ctype": "ButtonObjectData"
          },
          {
            "FileData": {
              "Type": "Normal",
              "Path": "gameEndNew/floor_11.png",
              "Plist": ""
            },
            "Scale9OriginX": 348,
            "Scale9OriginY": 45,
            "Scale9Width": 360,
            "Scale9Height": 49,
            "AnchorPoint": {
              "ScaleX": 0.5,
              "ScaleY": 0.5
            },
            "Position": {
              "X": 734.9998,
              "Y": 152.0001
            },
            "Scale": {
              "ScaleX": 1.0,
              "ScaleY": 1.0
            },
            "CColor": {},
            "IconVisible": false,
            "PrePosition": {
              "X": 0.5742,
              "Y": 0.2111
            },
            "PreSize": {
              "X": 0.825,
              "Y": 0.1931
            },
            "LeftMargin": 206.9998,
            "RightMargin": 17.0002,
            "TopMargin": 498.4999,
            "BottomMargin": 82.5001,
            "Tag": 519,
            "ActionTag": -1776779081,
            "Size": {
              "X": 1056.0,
              "Y": 139.0
            },
            "Name": "backbar3",
            "ctype": "ImageViewObjectData"
          },
          {
            "FileData": {
              "Type": "Normal",
              "Path": "gameEndNew/floor_11.png",
              "Plist": ""
            },
            "Scale9OriginX": 348,
            "Scale9OriginY": 45,
            "Scale9Width": 360,
            "Scale9Height": 49,
            "AnchorPoint": {
              "ScaleX": 0.5,
              "ScaleY": 0.5
            },
            "Position": {
              "X": 734.9998,
              "Y": 292.0
            },
            "Scale": {
              "ScaleX": 1.0,
              "ScaleY": 1.0
            },
            "CColor": {},
            "IconVisible": false,
            "PrePosition": {
              "X": 0.5742,
              "Y": 0.4056
            },
            "PreSize": {
              "X": 0.825,
              "Y": 0.1931
            },
            "LeftMargin": 206.9998,
            "RightMargin": 17.0002,
            "TopMargin": 358.5,
            "BottomMargin": 222.5,
            "Tag": 522,
            "ActionTag": 1114542367,
            "Size": {
              "X": 1056.0,
              "Y": 139.0
            },
            "Name": "backbar2",
            "ctype": "ImageViewObjectData"
          },
          {
            "FileData": {
              "Type": "Normal",
              "Path": "gameEndNew/floor_11.png",
              "Plist": ""
            },
            "Scale9OriginX": 348,
            "Scale9OriginY": 45,
            "Scale9Width": 360,
            "Scale9Height": 49,
            "AnchorPoint": {
              "ScaleX": 0.5,
              "ScaleY": 0.5
            },
            "Position": {
              "X": 734.9998,
              "Y": 431.9992
            },
            "Scale": {
              "ScaleX": 1.0,
              "ScaleY": 1.0
            },
            "CColor": {},
            "IconVisible": false,
            "PrePosition": {
              "X": 0.5742,
              "Y": 0.6
            },
            "PreSize": {
              "X": 0.825,
              "Y": 0.1931
            },
            "LeftMargin": 206.9998,
            "RightMargin": 17.0002,
            "TopMargin": 218.5008,
            "BottomMargin": 362.4992,
            "Tag": 521,
            "ActionTag": -2036438643,
            "Size": {
              "X": 1056.0,
              "Y": 139.0
            },
            "Name": "backbar1",
            "ctype": "ImageViewObjectData"
          },
          {
            "FileData": {
              "Type": "Normal",
              "Path": "gameEndNew/floor_11.png",
              "Plist": ""
            },
            "Scale9OriginX": 348,
            "Scale9OriginY": 45,
            "Scale9Width": 360,
            "Scale9Height": 49,
            "AnchorPoint": {
              "ScaleX": 0.5,
              "ScaleY": 0.5
            },
            "Position": {
              "X": 734.9998,
              "Y": 572.0001
            },
            "Scale": {
              "ScaleX": 1.0,
              "ScaleY": 1.0
            },
            "CColor": {},
            "IconVisible": false,
            "PrePosition": {
              "X": 0.5742,
              "Y": 0.7944
            },
            "PreSize": {
              "X": 0.825,
              "Y": 0.1931
            },
            "LeftMargin": 206.9998,
            "RightMargin": 17.0002,
            "TopMargin": 78.4999,
            "BottomMargin": 502.5001,
            "Tag": 520,
            "ActionTag": -1618002685,
            "Size": {
              "X": 1056.0,
              "Y": 139.0
            },
            "Name": "backbar0",
            "ctype": "ImageViewObjectData"
          },
          {
            "FileData": {
              "Type": "Normal",
              "Path": "gameEndNew/Photo_frame_01.png",
              "Plist": ""
            },
            "BlendFunc": {
              "Src": 1,
              "Dst": 771
            },
            "AnchorPoint": {
              "ScaleX": 0.5,
              "ScaleY": 0.5
            },
            "Position": {
              "X": 265.8893,
              "Y": 158.5323
            },
            "Scale": {
              "ScaleX": 0.8,
              "ScaleY": 0.8
            },
            "CColor": {},
            "IconVisible": false,
            "PrePosition": {
              "X": 0.2077,
              "Y": 0.2202
            },
            "PreSize": {
              "X": 0.1,
              "Y": 0.1722
            },
            "LeftMargin": 201.8893,
            "RightMargin": 950.1107,
            "TopMargin": 499.4677,
            "BottomMargin": 96.5323,
            "Tag": 46,
            "Children": [
              {
                "FileData": {
                  "Type": "Normal",
                  "Path": "gameEndNew/Photo_frame_02.png",
                  "Plist": ""
                },
                "Scale9OriginX": 42,
                "Scale9OriginY": 40,
                "Scale9Width": 44,
                "Scale9Height": 44,
                "AnchorPoint": {
                  "ScaleX": 0.5,
                  "ScaleY": 0.5
                },
                "Position": {
                  "X": 65.0,
                  "Y": 60.0
                },
                "Scale": {
                  "ScaleX": 1.0,
                  "ScaleY": 1.0
                },
                "CColor": {},
                "IconVisible": false,
                "PrePosition": {
                  "X": 0.5078,
                  "Y": 0.4839
                },
                "PreSize": {
                  "X": 1.0,
                  "Y": 1.0
                },
                "LeftMargin": 1.0,
                "RightMargin": -1.0,
                "TopMargin": 2.0,
                "BottomMargin": -2.0,
                "Tag": 812,
                "ActionTag": 1235513799,
                "Size": {
                  "X": 128.0,
                  "Y": 124.0
                },
                "Name": "headImg",
                "ctype": "ImageViewObjectData"
              },
              {
                "IsCustomSize": true,
                "FontSize": 36,
                "LabelText": "姓名姓名姓名姓名",
                "OutlineColor": {
                  "G": 0,
                  "B": 0
                },
                "ShadowColor": {
                  "R": 110,
                  "G": 110,
                  "B": 110
                },
                "ShadowOffsetX": 2.0,
                "ShadowOffsetY": -2.0,
                "AnchorPoint": {
                  "ScaleY": 0.5
                },
                "Position": {
                  "X": 138.1781,
                  "Y": 71.6707
                },
                "Scale": {
                  "ScaleX": 1.0,
                  "ScaleY": 1.0
                },
                "CColor": {
                  "R": 108,
                  "G": 37,
                  "B": 20
                },
                "IconVisible": false,
                "PrePosition": {
                  "X": 1.0795,
                  "Y": 0.578
                },
                "PreSize": {
                  "X": 2.25,
                  "Y": 0.2903
                },
                "LeftMargin": 138.1781,
                "RightMargin": -298.1781,
                "TopMargin": 34.3293,
                "BottomMargin": 53.6707,
                "Tag": 47,
                "ActionTag": 135445244,
                "Size": {
                  "X": 288.0,
                  "Y": 36.0
                },
                "Name": "name",
                "ctype": "TextObjectData"
              },
              {
                "FontSize": 40,
                "LabelText": "+100",
                "OutlineColor": {
                  "G": 0,
                  "B": 0
                },
                "ShadowColor": {
                  "R": 110,
                  "G": 110,
                  "B": 110
                },
                "ShadowOffsetX": 2.0,
                "ShadowOffsetY": -2.0,
                "AnchorPoint": {
                  "ScaleY": 0.5
                },
                "Position": {
                  "X": 816.6639,
                  "Y": 49.9999
                },
                "Scale": {
                  "ScaleX": 1.0,
                  "ScaleY": 1.0
                },
                "CColor": {
                  "R": 225,
                  "G": 0,
                  "B": 16
                },
                "IconVisible": false,
                "PrePosition": {
                  "X": 6.3802,
                  "Y": 0.4032
                },
                "PreSize": {
                  "X": 0.625,
                  "Y": 0.3226
                },
                "LeftMargin": 816.6639,
                "RightMargin": -768.6639,
                "TopMargin": 54.0001,
                "BottomMargin": 29.9999,
                "Tag": 51,
                "ActionTag": -1720178346,
                "Size": {
                  "X": 80.0,
                  "Y": 40.0
                },
                "Name": "winNum",
                "ctype": "TextObjectData"
              },
              {
                "FileData": {
                  "Type": "Normal",
                  "Path": "png/fangzhu.png",
                  "Plist": ""
                },
                "Scale9OriginX": 17,
                "Scale9OriginY": 9,
                "Scale9Width": 20,
                "Scale9Height": 11,
                "AnchorPoint": {
                  "ScaleX": 0.5,
                  "ScaleY": 0.5
                },
                "Position": {
                  "X": 32.2615,
                  "Y": 27.9169
                },
                "Scale": {
                  "ScaleX": 1.0,
                  "ScaleY": 1.0
                },
                "CColor": {},
                "IconVisible": false,
                "PrePosition": {
                  "X": 0.252,
                  "Y": 0.2251
                },
                "PreSize": {
                  "X": 0.4219,
                  "Y": 0.2339
                },
                "LeftMargin": 5.2615,
                "RightMargin": 68.7385,
                "TopMargin": 81.5831,
                "BottomMargin": 13.4169,
                "Tag": 348,
                "ActionTag": 1436819180,
                "Size": {
                  "X": 54.0,
                  "Y": 29.0
                },
                "Name": "fangzhu",
                "ctype": "ImageViewObjectData"
              },
              {
                "IsCustomSize": true,
                "FontSize": 36,
                "LabelText": "IDIDIDID",
                "OutlineColor": {
                  "G": 0,
                  "B": 0
                },
                "ShadowColor": {
                  "R": 110,
                  "G": 110,
                  "B": 110
                },
                "ShadowOffsetX": 2.0,
                "ShadowOffsetY": -2.0,
                "AnchorPoint": {
                  "ScaleY": 0.5
                },
                "Position": {
                  "X": 136.5412,
                  "Y": 23.4868
                },
                "Scale": {
                  "ScaleX": 1.0,
                  "ScaleY": 1.0
                },
                "CColor": {
                  "R": 108,
                  "G": 37,
                  "B": 20
                },
                "IconVisible": false,
                "PrePosition": {
                  "X": 1.0667,
                  "Y": 0.1894
                },
                "PreSize": {
                  "X": 1.5625,
                  "Y": 0.2903
                },
                "LeftMargin": 136.5412,
                "RightMargin": -208.5412,
                "TopMargin": 82.5132,
                "BottomMargin": 5.4868,
                "Tag": 526,
                "ActionTag": -885953658,
                "Size": {
                  "X": 200.0,
                  "Y": 36.0
                },
                "Name": "id",
                "ctype": "TextObjectData"
              }
            ],
            "ActionTag": 629365591,
            "Size": {
              "X": 128.0,
              "Y": 124.0
            },
            "Name": "head3",
            "ctype": "SpriteObjectData"
          },
          {
            "FileData": {
              "Type": "Normal",
              "Path": "gameEndNew/Photo_frame_01.png",
              "Plist": ""
            },
            "BlendFunc": {
              "Src": 1,
              "Dst": 771
            },
            "AnchorPoint": {
              "ScaleX": 0.5,
              "ScaleY": 0.5
            },
            "Position": {
              "X": 265.8892,
              "Y": 294.4983
            },
            "Scale": {
              "ScaleX": 0.8,
              "ScaleY": 0.8
            },
            "CColor": {},
            "IconVisible": false,
            "PrePosition": {
              "X": 0.2077,
              "Y": 0.409
            },
            "PreSize": {
              "X": 0.1,
              "Y": 0.1722
            },
            "LeftMargin": 201.8892,
            "RightMargin": 950.1108,
            "TopMargin": 363.5017,
            "BottomMargin": 232.4983,
            "Tag": 52,
            "Children": [
              {
                "FileData": {
                  "Type": "Normal",
                  "Path": "gameEndNew/Photo_frame_02.png",
                  "Plist": ""
                },
                "Scale9OriginX": 42,
                "Scale9OriginY": 40,
                "Scale9Width": 44,
                "Scale9Height": 44,
                "AnchorPoint": {
                  "ScaleX": 0.5,
                  "ScaleY": 0.5
                },
                "Position": {
                  "X": 65.0,
                  "Y": 60.0
                },
                "Scale": {
                  "ScaleX": 1.0,
                  "ScaleY": 1.0
                },
                "CColor": {},
                "IconVisible": false,
                "PrePosition": {
                  "X": 0.5078,
                  "Y": 0.4839
                },
                "PreSize": {
                  "X": 1.0,
                  "Y": 1.0
                },
                "LeftMargin": 1.0,
                "RightMargin": -1.0,
                "TopMargin": 2.0,
                "BottomMargin": -2.0,
                "Tag": 811,
                "ActionTag": -1564652893,
                "Size": {
                  "X": 128.0,
                  "Y": 124.0
                },
                "Name": "headImg",
                "ctype": "ImageViewObjectData"
              },
              {
                "IsCustomSize": true,
                "FontSize": 36,
                "LabelText": "姓名姓名姓名姓名",
                "OutlineColor": {
                  "G": 0,
                  "B": 0
                },
                "ShadowColor": {
                  "R": 110,
                  "G": 110,
                  "B": 110
                },
                "ShadowOffsetX": 2.0,
                "ShadowOffsetY": -2.0,
                "AnchorPoint": {
                  "ScaleY": 0.5
                },
                "Position": {
                  "X": 134.9969,
                  "Y": 67.3157
                },
                "Scale": {
                  "ScaleX": 1.0,
                  "ScaleY": 1.0
                },
                "CColor": {
                  "R": 108,
                  "G": 37,
                  "B": 20
                },
                "IconVisible": false,
                "PrePosition": {
                  "X": 1.0547,
                  "Y": 0.5429
                },
                "PreSize": {
                  "X": 2.25,
                  "Y": 0.2903
                },
                "LeftMargin": 134.9969,
                "RightMargin": -294.9969,
                "TopMargin": 38.6843,
                "BottomMargin": 49.3157,
                "Tag": 53,
                "ActionTag": -1888282198,
                "Size": {
                  "X": 288.0,
                  "Y": 36.0
                },
                "Name": "name",
                "ctype": "TextObjectData"
              },
              {
                "FontSize": 40,
                "LabelText": "+100",
                "OutlineColor": {
                  "G": 0,
                  "B": 0
                },
                "ShadowColor": {
                  "R": 110,
                  "G": 110,
                  "B": 110
                },
                "ShadowOffsetX": 2.0,
                "ShadowOffsetY": -2.0,
                "AnchorPoint": {
                  "ScaleY": 0.5
                },
                "Position": {
                  "X": 816.6636,
                  "Y": 49.9999
                },
                "Scale": {
                  "ScaleX": 1.0,
                  "ScaleY": 1.0
                },
                "CColor": {
                  "R": 225,
                  "G": 0,
                  "B": 16
                },
                "IconVisible": false,
                "PrePosition": {
                  "X": 6.3802,
                  "Y": 0.4032
                },
                "PreSize": {
                  "X": 0.625,
                  "Y": 0.3226
                },
                "LeftMargin": 816.6636,
                "RightMargin": -768.6636,
                "TopMargin": 54.0001,
                "BottomMargin": 29.9999,
                "Tag": 57,
                "ActionTag": -1966860445,
                "Size": {
                  "X": 80.0,
                  "Y": 40.0
                },
                "Name": "winNum",
                "ctype": "TextObjectData"
              },
              {
                "FileData": {
                  "Type": "Normal",
                  "Path": "png/fangzhu.png",
                  "Plist": ""
                },
                "Scale9OriginX": 17,
                "Scale9OriginY": 9,
                "Scale9Width": 20,
                "Scale9Height": 11,
                "AnchorPoint": {
                  "ScaleX": 0.5,
                  "ScaleY": 0.5
                },
                "Position": {
                  "X": 31.2607,
                  "Y": 26.9172
                },
                "Scale": {
                  "ScaleX": 1.0,
                  "ScaleY": 1.0
                },
                "CColor": {},
                "IconVisible": false,
                "PrePosition": {
                  "X": 0.2442,
                  "Y": 0.2171
                },
                "PreSize": {
                  "X": 0.4219,
                  "Y": 0.2339
                },
                "LeftMargin": 4.2607,
                "RightMargin": 69.7393,
                "TopMargin": 82.5828,
                "BottomMargin": 12.4172,
                "Tag": 347,
                "ActionTag": -918116067,
                "Size": {
                  "X": 54.0,
                  "Y": 29.0
                },
                "Name": "fangzhu",
                "ctype": "ImageViewObjectData"
              },
              {
                "IsCustomSize": true,
                "FontSize": 36,
                "LabelText": "IDIDIDID",
                "OutlineColor": {
                  "G": 0,
                  "B": 0
                },
                "ShadowColor": {
                  "R": 110,
                  "G": 110,
                  "B": 110
                },
                "ShadowOffsetX": 2.0,
                "ShadowOffsetY": -2.0,
                "AnchorPoint": {
                  "ScaleY": 0.5
                },
                "Position": {
                  "X": 135.2187,
                  "Y": 29.7007
                },
                "Scale": {
                  "ScaleX": 1.0,
                  "ScaleY": 1.0
                },
                "CColor": {
                  "R": 108,
                  "G": 37,
                  "B": 20
                },
                "IconVisible": false,
                "PrePosition": {
                  "X": 1.0564,
                  "Y": 0.2395
                },
                "PreSize": {
                  "X": 1.5625,
                  "Y": 0.2903
                },
                "LeftMargin": 135.2187,
                "RightMargin": -207.2187,
                "TopMargin": 76.2993,
                "BottomMargin": 11.7007,
                "Tag": 525,
                "ActionTag": 1399326168,
                "Size": {
                  "X": 200.0,
                  "Y": 36.0
                },
                "Name": "id",
                "ctype": "TextObjectData"
              }
            ],
            "ActionTag": 834103090,
            "Size": {
              "X": 128.0,
              "Y": 124.0
            },
            "Name": "head2",
            "ctype": "SpriteObjectData"
          },
          {
            "FileData": {
              "Type": "Normal",
              "Path": "gameEndNew/Photo_frame_01.png",
              "Plist": ""
            },
            "BlendFunc": {
              "Src": 1,
              "Dst": 771
            },
            "AnchorPoint": {
              "ScaleX": 0.5,
              "ScaleY": 0.5
            },
            "Position": {
              "X": 265.8893,
              "Y": 435.4744
            },
            "Scale": {
              "ScaleX": 0.8,
              "ScaleY": 0.8
            },
            "CColor": {},
            "IconVisible": false,
            "PrePosition": {
              "X": 0.2077,
              "Y": 0.6048
            },
            "PreSize": {
              "X": 0.1,
              "Y": 0.1722
            },
            "LeftMargin": 201.8893,
            "RightMargin": 950.1107,
            "TopMargin": 222.5256,
            "BottomMargin": 373.4744,
            "Tag": 58,
            "Children": [
              {
                "FileData": {
                  "Type": "Normal",
                  "Path": "gameEndNew/Photo_frame_02.png",
                  "Plist": ""
                },
                "Scale9OriginX": 42,
                "Scale9OriginY": 40,
                "Scale9Width": 44,
                "Scale9Height": 44,
                "AnchorPoint": {
                  "ScaleX": 0.5,
                  "ScaleY": 0.5
                },
                "Position": {
                  "X": 65.0,
                  "Y": 60.0
                },
                "Scale": {
                  "ScaleX": 1.0,
                  "ScaleY": 1.0
                },
                "CColor": {},
                "IconVisible": false,
                "PrePosition": {
                  "X": 0.5078,
                  "Y": 0.4839
                },
                "PreSize": {
                  "X": 1.0,
                  "Y": 1.0
                },
                "LeftMargin": 1.0,
                "RightMargin": -1.0,
                "TopMargin": 2.0,
                "BottomMargin": -2.0,
                "Tag": 810,
                "ActionTag": 1010902613,
                "Size": {
                  "X": 128.0,
                  "Y": 124.0
                },
                "Name": "headImg",
                "ctype": "ImageViewObjectData"
              },
              {
                "IsCustomSize": true,
                "FontSize": 36,
                "LabelText": "姓名姓名姓名姓名",
                "OutlineColor": {
                  "G": 0,
                  "B": 0
                },
                "ShadowColor": {
                  "R": 110,
                  "G": 110,
                  "B": 110
                },
                "ShadowOffsetX": 2.0,
                "ShadowOffsetY": -2.0,
                "AnchorPoint": {
                  "ScaleY": 0.5
                },
                "Position": {
                  "X": 138.4942,
                  "Y": 73.5818
                },
                "Scale": {
                  "ScaleX": 1.0,
                  "ScaleY": 1.0
                },
                "CColor": {
                  "R": 108,
                  "G": 37,
                  "B": 20
                },
                "IconVisible": false,
                "PrePosition": {
                  "X": 1.082,
                  "Y": 0.5934
                },
                "PreSize": {
                  "X": 2.25,
                  "Y": 0.2903
                },
                "LeftMargin": 138.4942,
                "RightMargin": -298.4942,
                "TopMargin": 32.4182,
                "BottomMargin": 55.5818,
                "Tag": 59,
                "ActionTag": -368056091,
                "Size": {
                  "X": 288.0,
                  "Y": 36.0
                },
                "Name": "name",
                "ctype": "TextObjectData"
              },
              {
                "FontSize": 40,
                "LabelText": "+100",
                "OutlineColor": {
                  "G": 0,
                  "B": 0
                },
                "ShadowColor": {
                  "R": 110,
                  "G": 110,
                  "B": 110
                },
                "ShadowOffsetX": 2.0,
                "ShadowOffsetY": -2.0,
                "AnchorPoint": {
                  "ScaleY": 0.5
                },
                "Position": {
                  "X": 816.6639,
                  "Y": 49.9998
                },
                "Scale": {
                  "ScaleX": 1.0,
                  "ScaleY": 1.0
                },
                "CColor": {
                  "R": 225,
                  "G": 0,
                  "B": 16
                },
                "IconVisible": false,
                "PrePosition": {
                  "X": 6.3802,
                  "Y": 0.4032
                },
                "PreSize": {
                  "X": 0.625,
                  "Y": 0.3226
                },
                "LeftMargin": 816.6639,
                "RightMargin": -768.6639,
                "TopMargin": 54.0002,
                "BottomMargin": 29.9998,
                "Tag": 63,
                "ActionTag": 1694826613,
                "Size": {
                  "X": 80.0,
                  "Y": 40.0
                },
                "Name": "winNum",
                "ctype": "TextObjectData"
              },
              {
                "FileData": {
                  "Type": "Normal",
                  "Path": "png/fangzhu.png",
                  "Plist": ""
                },
                "Scale9OriginX": 17,
                "Scale9OriginY": 9,
                "Scale9Width": 20,
                "Scale9Height": 11,
                "AnchorPoint": {
                  "ScaleX": 0.5,
                  "ScaleY": 0.5
                },
                "Position": {
                  "X": 29.2877,
                  "Y": 26.8879
                },
                "Scale": {
                  "ScaleX": 1.0,
                  "ScaleY": 1.0
                },
                "CColor": {},
                "IconVisible": false,
                "PrePosition": {
                  "X": 0.2288,
                  "Y": 0.2168
                },
                "PreSize": {
                  "X": 0.4219,
                  "Y": 0.2339
                },
                "LeftMargin": 2.2877,
                "RightMargin": 71.7123,
                "TopMargin": 82.6121,
                "BottomMargin": 12.3879,
                "Tag": 346,
                "ActionTag": -2070685923,
                "Size": {
                  "X": 54.0,
                  "Y": 29.0
                },
                "Name": "fangzhu",
                "ctype": "ImageViewObjectData"
              },
              {
                "IsCustomSize": true,
                "FontSize": 36,
                "LabelText": "IDIDIDID",
                "OutlineColor": {
                  "G": 0,
                  "B": 0
                },
                "ShadowColor": {
                  "R": 110,
                  "G": 110,
                  "B": 110
                },
                "ShadowOffsetX": 2.0,
                "ShadowOffsetY": -2.0,
                "AnchorPoint": {
                  "ScaleY": 0.5
                },
                "Position": {
                  "X": 140.8273,
                  "Y": 34.4141
                },
                "Scale": {
                  "ScaleX": 1.0,
                  "ScaleY": 1.0
                },
                "CColor": {
                  "R": 108,
                  "G": 37,
                  "B": 20
                },
                "IconVisible": false,
                "PrePosition": {
                  "X": 1.1002,
                  "Y": 0.2775
                },
                "PreSize": {
                  "X": 1.5625,
                  "Y": 0.2903
                },
                "LeftMargin": 140.8273,
                "RightMargin": -212.8273,
                "TopMargin": 71.5859,
                "BottomMargin": 16.4141,
                "Tag": 524,
                "ActionTag": 441248151,
                "Size": {
                  "X": 200.0,
                  "Y": 36.0
                },
                "Name": "id",
                "ctype": "TextObjectData"
              }
            ],
            "ActionTag": -698456146,
            "Size": {
              "X": 128.0,
              "Y": 124.0
            },
            "Name": "head1",
            "ctype": "SpriteObjectData"
          },
          {
            "FileData": {
              "Type": "Normal",
              "Path": "gameEndNew/Photo_frame_01.png",
              "Plist": ""
            },
            "BlendFunc": {
              "Src": 1,
              "Dst": 771
            },
            "AnchorPoint": {
              "ScaleX": 0.5,
              "ScaleY": 0.5
            },
            "Position": {
              "X": 265.8893,
              "Y": 570.4282
            },
            "Scale": {
              "ScaleX": 0.8,
              "ScaleY": 0.8
            },
            "CColor": {},
            "IconVisible": false,
            "PrePosition": {
              "X": 0.2077,
              "Y": 0.7923
            },
            "PreSize": {
              "X": 0.1,
              "Y": 0.1722
            },
            "LeftMargin": 201.8893,
            "RightMargin": 950.1107,
            "TopMargin": 87.5718,
            "BottomMargin": 508.4282,
            "Tag": 64,
            "Children": [
              {
                "FileData": {
                  "Type": "Normal",
                  "Path": "gameEndNew/Photo_frame_02.png",
                  "Plist": ""
                },
                "Scale9OriginX": 42,
                "Scale9OriginY": 40,
                "Scale9Width": 44,
                "Scale9Height": 44,
                "AnchorPoint": {
                  "ScaleX": 0.5,
                  "ScaleY": 0.5
                },
                "Position": {
                  "X": 65.0,
                  "Y": 60.0
                },
                "Scale": {
                  "ScaleX": 1.0,
                  "ScaleY": 1.0
                },
                "CColor": {},
                "IconVisible": false,
                "PrePosition": {
                  "X": 0.5078,
                  "Y": 0.4839
                },
                "PreSize": {
                  "X": 1.0,
                  "Y": 1.0
                },
                "LeftMargin": 1.0,
                "RightMargin": -1.0,
                "TopMargin": 2.0,
                "BottomMargin": -2.0,
                "Tag": 809,
                "ActionTag": -238677360,
                "Size": {
                  "X": 128.0,
                  "Y": 124.0
                },
                "Name": "headImg",
                "ctype": "ImageViewObjectData"
              },
              {
                "IsCustomSize": true,
                "FontSize": 36,
                "LabelText": "姓名姓名姓名姓名",
                "OutlineColor": {
                  "G": 0,
                  "B": 0
                },
                "ShadowColor": {
                  "R": 110,
                  "G": 110,
                  "B": 110
                },
                "ShadowOffsetX": 2.0,
                "ShadowOffsetY": -2.0,
                "AnchorPoint": {
                  "ScaleY": 0.5
                },
                "Position": {
                  "X": 132.3295,
                  "Y": 70.9538
                },
                "Scale": {
                  "ScaleX": 1.0,
                  "ScaleY": 1.0
                },
                "CColor": {
                  "R": 108,
                  "G": 37,
                  "B": 20
                },
                "IconVisible": false,
                "PrePosition": {
                  "X": 1.0338,
                  "Y": 0.5722
                },
                "PreSize": {
                  "X": 2.25,
                  "Y": 0.2903
                },
                "LeftMargin": 132.3295,
                "RightMargin": -292.3295,
                "TopMargin": 35.0462,
                "BottomMargin": 52.9538,
                "Tag": 65,
                "ActionTag": 1711474673,
                "Size": {
                  "X": 288.0,
                  "Y": 36.0
                },
                "Name": "name",
                "ctype": "TextObjectData"
              },
              {
                "IsCustomSize": true,
                "FontSize": 36,
                "LabelText": "IDIDIDID",
                "OutlineColor": {
                  "G": 0,
                  "B": 0
                },
                "ShadowColor": {
                  "R": 110,
                  "G": 110,
                  "B": 110
                },
                "ShadowOffsetX": 2.0,
                "ShadowOffsetY": -2.0,
                "AnchorPoint": {
                  "ScaleY": 0.5
                },
                "Position": {
                  "X": 135.0788,
                  "Y": 22.2012
                },
                "Scale": {
                  "ScaleX": 1.0,
                  "ScaleY": 1.0
                },
                "CColor": {
                  "R": 108,
                  "G": 37,
                  "B": 20
                },
                "IconVisible": false,
                "PrePosition": {
                  "X": 1.0553,
                  "Y": 0.179
                },
                "PreSize": {
                  "X": 1.5625,
                  "Y": 0.2903
                },
                "LeftMargin": 135.0788,
                "RightMargin": -207.0788,
                "TopMargin": 83.7988,
                "BottomMargin": 4.2012,
                "Tag": 523,
                "ActionTag": 1836145813,
                "Size": {
                  "X": 200.0,
                  "Y": 36.0
                },
                "Name": "id",
                "ctype": "TextObjectData"
              },
              {
                "FontSize": 40,
                "LabelText": "+100",
                "OutlineColor": {
                  "G": 0,
                  "B": 0
                },
                "ShadowColor": {
                  "R": 110,
                  "G": 110,
                  "B": 110
                },
                "ShadowOffsetX": 2.0,
                "ShadowOffsetY": -2.0,
                "AnchorPoint": {
                  "ScaleY": 0.5
                },
                "Position": {
                  "X": 816.6639,
                  "Y": 49.9995
                },
                "Scale": {
                  "ScaleX": 1.0,
                  "ScaleY": 1.0
                },
                "CColor": {
                  "R": 225,
                  "G": 0,
                  "B": 16
                },
                "IconVisible": false,
                "PrePosition": {
                  "X": 6.3802,
                  "Y": 0.4032
                },
                "PreSize": {
                  "X": 0.625,
                  "Y": 0.3226
                },
                "LeftMargin": 816.6639,
                "RightMargin": -768.6639,
                "TopMargin": 54.0005,
                "BottomMargin": 29.9995,
                "Tag": 69,
                "ActionTag": 319815700,
                "Size": {
                  "X": 80.0,
                  "Y": 40.0
                },
                "Name": "winNum",
                "ctype": "TextObjectData"
              },
              {
                "FileData": {
                  "Type": "Normal",
                  "Path": "png/fangzhu.png",
                  "Plist": ""
                },
                "Scale9OriginX": 17,
                "Scale9OriginY": 9,
                "Scale9Width": 20,
                "Scale9Height": 11,
                "AnchorPoint": {
                  "ScaleX": 0.5,
                  "ScaleY": 0.5
                },
                "Position": {
                  "X": 29.2609,
                  "Y": 25.9172
                },
                "Scale": {
                  "ScaleX": 1.0,
                  "ScaleY": 1.0
                },
                "CColor": {},
                "IconVisible": false,
                "PrePosition": {
                  "X": 0.2286,
                  "Y": 0.209
                },
                "PreSize": {
                  "X": 0.4219,
                  "Y": 0.2339
                },
                "LeftMargin": 2.2609,
                "RightMargin": 71.7391,
                "TopMargin": 83.5828,
                "BottomMargin": 11.4172,
                "Tag": 345,
                "ActionTag": 426581602,
                "Size": {
                  "X": 54.0,
                  "Y": 29.0
                },
                "Name": "fangzhu",
                "ctype": "ImageViewObjectData"
              }
            ],
            "ActionTag": 1196365483,
            "Size": {
              "X": 128.0,
              "Y": 124.0
            },
            "Name": "head0",
            "ctype": "SpriteObjectData"
          },
          {
            "FileData": {
              "Type": "Normal",
              "Path": "gameEndNew/t_big_win.png",
              "Plist": ""
            },
            "BlendFunc": {
              "Src": 1,
              "Dst": 771
            },
            "AnchorPoint": {
              "ScaleX": 0.5,
              "ScaleY": 0.5
            },
            "Position": {
              "X": 1062.6774,
              "Y": 572.0001
            },
            "Scale": {
              "ScaleX": 1.0,
              "ScaleY": 1.0
            },
            "CColor": {},
            "IconVisible": false,
            "PrePosition": {
              "X": 0.8302,
              "Y": 0.7944
            },
            "PreSize": {
              "X": 0.1539,
              "Y": 0.1347
            },
            "LeftMargin": 964.1774,
            "RightMargin": 118.8226,
            "TopMargin": 99.4999,
            "BottomMargin": 523.5001,
            "Tag": 70,
            "ActionTag": -394449627,
            "Size": {
              "X": 197.0,
              "Y": 97.0
            },
            "Name": "win",
            "ctype": "SpriteObjectData"
          },
          {
            "FileData": {
              "Type": "Normal",
              "Path": "gameEndNew/t_end.png",
              "Plist": ""
            },
            "BlendFunc": {
              "Src": 1,
              "Dst": 771
            },
            "AnchorPoint": {
              "ScaleX": 0.5,
              "ScaleY": 0.5
            },
            "Position": {
              "X": 143.2595,
              "Y": 455.0237
            },
            "Scale": {
              "ScaleX": 1.0,
              "ScaleY": 1.0
            },
            "CColor": {},
            "IconVisible": false,
            "PrePosition": {
              "X": 0.1119,
              "Y": 0.632
            },
            "PreSize": {
              "X": 0.2141,
              "Y": 0.7403
            },
            "LeftMargin": 6.2595,
            "RightMargin": 999.7405,
            "TopMargin": -1.5237,
            "BottomMargin": 188.5237,
            "Tag": 527,
            "ActionTag": -78518656,
            "Size": {
              "X": 274.0,
              "Y": 533.0
            },
            "Name": "table",
            "ctype": "SpriteObjectData"
          }
        ],
        "Size": {
          "X": 1280.0,
          "Y": 720.0
        },
        "Name": "Layer",
        "ctype": "LayerObjectData"
      },
      "UsedResources": [
        "Default/Button_Disable.png",
        "gameEndNew/bac-3.png",
        "gameEndNew/btn_return_normal.png",
        "gameEndNew/btn_return_press.png",
        "gameEndNew/btn_share_normal.png",
        "gameEndNew/btn_share_press.png",
        "gameEndNew/floor_11.png",
        "gameEndNew/Photo_frame_01.png",
        "gameEndNew/Photo_frame_02.png",
        "gameEndNew/t_big_win.png",
        "gameEndNew/t_end.png",
        "png/fangzhu.png"
      ],
      "ctype": "GameFileData"
    }
  },
  "Type": "Layer"
}