{
  "ID": "1f0d966e-bd42-4119-9f4b-2198feec8ca2",
  "Version": "3.10.0.0",
  "Name": "PayLayer",
  "Content": {
    "Content": {
      "Animation": {
        "Duration": 0,
        "Speed": 1.0,
        "Timelines": [],
        "ctype": "TimelineActionData"
      },
      "AnimationList": [],
      "ObjectData": {
        "Tag": 12,
        "Children": [
          {
            "ClipAble": false,
            "BackColorAlpha": 178,
            "ComboBoxIndex": 1,
            "SingleColor": {
              "R": 0,
              "G": 0,
              "B": 0
            },
            "FirstColor": {
              "R": 150,
              "G": 200
            },
            "EndColor": {},
            "ColorVector": {
              "ScaleY": 1.0
            },
            "Scale9Width": 1,
            "Scale9Height": 1,
            "TouchEnable": true,
            "AnchorPoint": {
              "ScaleX": 0.5,
              "ScaleY": 0.5
            },
            "Position": {
              "X": 506.202,
              "Y": 307.1309
            },
            "Scale": {
              "ScaleX": 1.0,
              "ScaleY": 1.0
            },
            "CColor": {
              "R": 0,
              "G": 0,
              "B": 0
            },
            "IconVisible": false,
            "PrePosition": {
              "X": 0.5273,
              "Y": 0.4799
            },
            "PreSize": {
              "X": 1.3333,
              "Y": 1.125
            },
            "LeftMargin": -133.798,
            "RightMargin": -186.202,
            "TopMargin": -27.1309,
            "BottomMargin": -52.8691,
            "Tag": 33,
            "ActionTag": 466230964,
            "Size": {
              "X": 1280.0,
              "Y": 720.0
            },
            "Alpha": 204,
            "Name": "block",
            "ctype": "PanelObjectData"
          },
          {
            "FileData": {
              "Type": "Normal",
              "Path": "set/window-small.png",
              "Plist": ""
            },
            "Scale9OriginX": 169,
            "Scale9OriginY": 141,
            "Scale9Width": 357,
            "Scale9Height": 196,
            "AnchorPoint": {
              "ScaleX": 0.5,
              "ScaleY": 0.5
            },
            "Position": {
              "X": 480.0,
              "Y": 320.0
            },
            "Scale": {
              "ScaleX": 1.0,
              "ScaleY": 1.0
            },
            "CColor": {},
            "IconVisible": false,
            "PositionPercentXEnabled": true,
            "PositionPercentYEnabled": true,
            "PrePosition": {
              "X": 0.5,
              "Y": 0.5
            },
            "PreSize": {
              "X": 0.724,
              "Y": 0.7469
            },
            "LeftMargin": 132.5,
            "RightMargin": 132.5,
            "TopMargin": 81.0,
            "BottomMargin": 81.0,
            "Tag": 24,
            "Children": [
              {
                "FileData": {
                  "Type": "Normal",
                  "Path": "paylayer/t_dissolution_03.png",
                  "Plist": ""
                },
                "BlendFunc": {
                  "Src": 1,
                  "Dst": 771
                },
                "AnchorPoint": {
                  "ScaleX": 0.5,
                  "ScaleY": 0.5
                },
                "Position": {
                  "X": 339.6625,
                  "Y": 442.4373
                },
                "Scale": {
                  "ScaleX": 1.0,
                  "ScaleY": 1.0
                },
                "CColor": {},
                "IconVisible": false,
                "PrePosition": {
                  "X": 0.4887,
                  "Y": 0.9256
                },
                "PreSize": {
                  "X": 0.8086,
                  "Y": 0.1464
                },
                "LeftMargin": 58.6625,
                "RightMargin": 74.3375,
                "TopMargin": 0.5627,
                "BottomMargin": 407.4373,
                "Tag": 162,
                "ActionTag": -493111790,
                "Size": {
                  "X": 562.0,
                  "Y": 70.0
                },
                "Name": "lessMoney",
                "ctype": "SpriteObjectData"
              },
              {
                "IsCustomSize": true,
                "FontSize": 28,
                "LabelText": "请联系所在群主或添加以下微信号。",
                "OutlineColor": {
                  "G": 0,
                  "B": 0
                },
                "ShadowColor": {
                  "R": 110,
                  "G": 110,
                  "B": 110
                },
                "ShadowOffsetX": 2.0,
                "ShadowOffsetY": -2.0,
                "AnchorPoint": {
                  "ScaleY": 0.5
                },
                "Position": {
                  "X": 121.475,
                  "Y": 290.8781
                },
                "Scale": {
                  "ScaleX": 1.0,
                  "ScaleY": 1.0
                },
                "CColor": {
                  "B": 0
                },
                "IconVisible": false,
                "PrePosition": {
                  "X": 0.1748,
                  "Y": 0.6085
                },
                "PreSize": {
                  "X": 0.777,
                  "Y": 0.1464
                },
                "LeftMargin": 121.475,
                "RightMargin": 33.525,
                "TopMargin": 152.1219,
                "BottomMargin": 255.8781,
                "Tag": 120,
                "ActionTag": 796993175,
                "Size": {
                  "X": 540.0,
                  "Y": 70.0
                },
                "Name": "text",
                "ctype": "TextObjectData"
              },
              {
                "FontSize": 14,
                "ButtonText": "",
                "TextColor": {
                  "R": 65,
                  "G": 65,
                  "B": 70
                },
                "DisabledFileData": {
                  "Type": "Normal",
                  "Path": "webview/btn_close_press.png",
                  "Plist": ""
                },
                "PressedFileData": {
                  "Type": "Normal",
                  "Path": "webview/btn_close_press.png",
                  "Plist": ""
                },
                "NormalFileData": {
                  "Type": "Normal",
                  "Path": "webview/btn_close_normal.png",
                  "Plist": ""
                },
                "Scale9Enable": true,
                "Scale9OriginX": 15,
                "Scale9OriginY": 11,
                "Scale9Width": 115,
                "Scale9Height": 121,
                "OutlineColor": {
                  "G": 0,
                  "B": 0
                },
                "ShadowColor": {
                  "R": 110,
                  "G": 110,
                  "B": 110
                },
                "ShadowOffsetX": 2.0,
                "ShadowOffsetY": -2.0,
                "TouchEnable": true,
                "AnchorPoint": {
                  "ScaleX": 0.5,
                  "ScaleY": 0.5
                },
                "Position": {
                  "X": 676.34,
                  "Y": 453.64
                },
                "Scale": {
                  "ScaleX": 0.75,
                  "ScaleY": 0.75
                },
                "CColor": {},
                "IconVisible": false,
                "PrePosition": {
                  "X": 0.9732,
                  "Y": 0.949
                },
                "PreSize": {
                  "X": 0.2086,
                  "Y": 0.2992
                },
                "LeftMargin": 603.84,
                "RightMargin": -53.84,
                "TopMargin": -47.14,
                "BottomMargin": 382.14,
                "Tag": 29,
                "ActionTag": -1521108932,
                "Size": {
                  "X": 145.0,
                  "Y": 143.0
                },
                "Name": "close",
                "ctype": "ButtonObjectData"
              },
              {
                "IsCustomSize": true,
                "FontSize": 28,
                "LabelText": "请添加联系以下微信号,进行充值。\n请添加联系以下微信号,进行充值。\n请添加联系以下微信号,进行充值。\n请添加联系以下微信号,进行充值。",
                "OutlineColor": {
                  "G": 0,
                  "B": 0
                },
                "ShadowColor": {
                  "R": 110,
                  "G": 110,
                  "B": 110
                },
                "ShadowOffsetX": 2.0,
                "ShadowOffsetY": -2.0,
                "AnchorPoint": {
                  "ScaleX": 0.5,
                  "ScaleY": 0.5
                },
                "Position": {
                  "X": 347.0476,
                  "Y": 201.7858
                },
                "Scale": {
                  "ScaleX": 1.0,
                  "ScaleY": 1.0
                },
                "CColor": {
                  "B": 0
                },
                "IconVisible": false,
                "PrePosition": {
                  "X": 0.4993,
                  "Y": 0.4221
                },
                "PreSize": {
                  "X": 0.6331,
                  "Y": 0.3138
                },
                "LeftMargin": 127.0476,
                "RightMargin": 127.9524,
                "TopMargin": 201.2142,
                "BottomMargin": 126.7858,
                "Tag": 163,
                "ActionTag": 2003091899,
                "Size": {
                  "X": 440.0,
                  "Y": 150.0
                },
                "Name": "weixinBuy",
                "ctype": "TextObjectData"
              }
            ],
            "ActionTag": -1408617351,
            "Size": {
              "X": 695.0,
              "Y": 478.0
            },
            "Name": "back",
            "ctype": "ImageViewObjectData"
          }
        ],
        "Size": {
          "X": 960.0,
          "Y": 640.0
        },
        "Name": "Layer",
        "ctype": "LayerObjectData"
      },
      "UsedResources": [
        "paylayer/t_dissolution_03.png",
        "set/window-small.png",
        "webview/btn_close_normal.png",
        "webview/btn_close_press.png"
      ],
      "ctype": "GameFileData"
    }
  },
  "Type": "Layer"
}