{
  "ID": "0645ce54-1149-4905-accd-dc5be4331fef",
  "Version": "3.10.0.0",
  "Name": "EndRoom",
  "Content": {
    "Content": {
      "Animation": {
        "Duration": 0,
        "Speed": 1.0,
        "Timelines": [],
        "ctype": "TimelineActionData"
      },
      "AnimationList": [],
      "ObjectData": {
        "Tag": 37,
        "Children": [
          {
            "ClipAble": false,
            "BackColorAlpha": 178,
            "ComboBoxIndex": 1,
            "SingleColor": {
              "R": 0,
              "G": 0,
              "B": 0
            },
            "FirstColor": {
              "R": 150,
              "G": 200
            },
            "EndColor": {},
            "ColorVector": {
              "ScaleY": 1.0
            },
            "Scale9Width": 1,
            "Scale9Height": 1,
            "TouchEnable": true,
            "AnchorPoint": {
              "ScaleX": 0.5,
              "ScaleY": 0.5
            },
            "Position": {
              "X": 0.0,
              "Y": 0.0
            },
            "Scale": {
              "ScaleX": 1.0,
              "ScaleY": 1.0
            },
            "CColor": {
              "R": 0,
              "G": 0,
              "B": 0
            },
            "IconVisible": false,
            "PrePosition": {
              "X": 0.0,
              "Y": 0.0
            },
            "PreSize": {
              "X": 0.0,
              "Y": 0.0
            },
            "LeftMargin": -640.0,
            "RightMargin": -640.0,
            "TopMargin": -360.0,
            "BottomMargin": -360.0,
            "Tag": 1607,
            "ActionTag": -454233016,
            "Size": {
              "X": 1280.0,
              "Y": 720.0
            },
            "Alpha": 204,
            "Name": "block",
            "ctype": "PanelObjectData"
          },
          {
            "FileData": {
              "Type": "Normal",
              "Path": "set/window-small.png",
              "Plist": ""
            },
            "Scale9OriginX": 170,
            "Scale9OriginY": 127,
            "Scale9Width": 355,
            "Scale9Height": 224,
            "AnchorPoint": {
              "ScaleX": 0.5,
              "ScaleY": 0.5
            },
            "Position": {
              "X": 0.0,
              "Y": 0.0
            },
            "Scale": {
              "ScaleX": 1.0,
              "ScaleY": 1.0
            },
            "CColor": {},
            "IconVisible": false,
            "PrePosition": {
              "X": 0.0,
              "Y": 0.0
            },
            "PreSize": {
              "X": 0.0,
              "Y": 0.0
            },
            "LeftMargin": -347.5,
            "RightMargin": -347.5,
            "TopMargin": -239.0,
            "BottomMargin": -239.0,
            "Tag": 172,
            "Children": [
              {
                "FileData": {
                  "Type": "Normal",
                  "Path": "dissolveRoomNew/t_dissolution_05.png",
                  "Plist": ""
                },
                "BlendFunc": {
                  "Src": 1,
                  "Dst": 771
                },
                "AnchorPoint": {
                  "ScaleX": 0.5,
                  "ScaleY": 0.5
                },
                "Position": {
                  "X": 345.7374,
                  "Y": 441.7777
                },
                "Scale": {
                  "ScaleX": 1.0,
                  "ScaleY": 1.0
                },
                "CColor": {},
                "IconVisible": false,
                "PrePosition": {
                  "X": 0.4975,
                  "Y": 0.9242
                },
                "PreSize": {
                  "X": 0.8086,
                  "Y": 0.1464
                },
                "LeftMargin": 64.7374,
                "RightMargin": 68.2626,
                "TopMargin": 1.2223,
                "BottomMargin": 406.7777,
                "Tag": 173,
                "ActionTag": 1141549979,
                "Size": {
                  "X": 562.0,
                  "Y": 70.0
                },
                "Name": "title",
                "ctype": "SpriteObjectData"
              },
              {
                "FontSize": 24,
                "LabelText": "玩家[abcdhdfafdsij]申请解散房间\n玩家[abcdhdfafdsij]申请解散房间\n玩家[abcdhdfafdsij]申请解散房间",
                "OutlineColor": {
                  "G": 0,
                  "B": 0
                },
                "ShadowColor": {
                  "R": 110,
                  "G": 110,
                  "B": 110
                },
                "ShadowOffsetX": 2.0,
                "ShadowOffsetY": -2.0,
                "AnchorPoint": {
                  "ScaleX": 0.5,
                  "ScaleY": 0.5
                },
                "Position": {
                  "X": 345.3899,
                  "Y": 300.1839
                },
                "Scale": {
                  "ScaleX": 1.0,
                  "ScaleY": 1.0
                },
                "CColor": {
                  "R": 228,
                  "G": 192,
                  "B": 112
                },
                "IconVisible": false,
                "PrePosition": {
                  "X": 0.497,
                  "Y": 0.628
                },
                "PreSize": {
                  "X": 0.5353,
                  "Y": 0.1506
                },
                "LeftMargin": 159.3899,
                "RightMargin": 163.6101,
                "TopMargin": 141.8161,
                "BottomMargin": 264.1839,
                "Tag": 42,
                "ActionTag": 2068191731,
                "Size": {
                  "X": 372.0,
                  "Y": 72.0
                },
                "Name": "info",
                "ctype": "TextObjectData"
              },
              {
                "FontSize": 14,
                "ButtonText": "",
                "TextColor": {
                  "R": 65,
                  "G": 65,
                  "B": 70
                },
                "DisabledFileData": {
                  "Type": "Default",
                  "Path": "Default/Button_Disable.png",
                  "Plist": ""
                },
                "PressedFileData": {
                  "Type": "Normal",
                  "Path": "dissolveRoomNew/btn_return_press.png",
                  "Plist": ""
                },
                "NormalFileData": {
                  "Type": "Normal",
                  "Path": "dissolveRoomNew/btn_return_normal.png",
                  "Plist": ""
                },
                "Scale9Enable": true,
                "Scale9OriginX": 15,
                "Scale9OriginY": 11,
                "Scale9Width": 140,
                "Scale9Height": 43,
                "OutlineColor": {
                  "G": 0,
                  "B": 0
                },
                "ShadowColor": {
                  "R": 110,
                  "G": 110,
                  "B": 110
                },
                "ShadowOffsetX": 2.0,
                "ShadowOffsetY": -2.0,
                "TouchEnable": true,
                "AnchorPoint": {
                  "ScaleX": 0.5,
                  "ScaleY": 0.5
                },
                "Position": {
                  "X": 350.7825,
                  "Y": 72.0276
                },
                "Scale": {
                  "ScaleX": 1.0,
                  "ScaleY": 1.0
                },
                "CColor": {},
                "IconVisible": false,
                "PrePosition": {
                  "X": 0.5047,
                  "Y": 0.1507
                },
                "PreSize": {
                  "X": 0.2446,
                  "Y": 0.136
                },
                "LeftMargin": 265.7825,
                "RightMargin": 259.2175,
                "TopMargin": 373.4724,
                "BottomMargin": 39.5276,
                "Tag": 175,
                "ActionTag": -1897550375,
                "Size": {
                  "X": 170.0,
                  "Y": 65.0
                },
                "Name": "tohome",
                "ctype": "ButtonObjectData"
              }
            ],
            "ActionTag": -831338396,
            "Size": {
              "X": 695.0,
              "Y": 478.0
            },
            "Name": "back",
            "ctype": "ImageViewObjectData"
          }
        ],
        "Size": {
          "X": 0.0,
          "Y": 0.0
        },
        "Name": "Node",
        "ctype": "SingleNodeObjectData"
      },
      "UsedResources": [
        "Default/Button_Disable.png",
        "dissolveRoomNew/btn_return_normal.png",
        "dissolveRoomNew/btn_return_press.png",
        "dissolveRoomNew/t_dissolution_05.png",
        "set/window-small.png"
      ],
      "ctype": "GameFileData"
    }
  },
  "Type": "Node"
}