{
  "ID": "14faece2-a2b4-4395-ac50-bd5eb803c07c",
  "Version": "3.10.0.0",
  "Name": "ExportDataLayer",
  "Content": {
    "Content": {
      "Animation": {
        "Duration": 0,
        "Speed": 1.0,
        "Timelines": [],
        "ctype": "TimelineActionData"
      },
      "AnimationList": [],
      "ObjectData": {
        "Tag": 134,
        "Children": [
          {
            "ClipAble": false,
            "BackColorAlpha": 102,
            "ComboBoxIndex": 1,
            "SingleColor": {
              "R": 150,
              "G": 200
            },
            "FirstColor": {
              "R": 150,
              "G": 200
            },
            "EndColor": {},
            "ColorVector": {
              "ScaleY": 1.0
            },
            "Scale9Width": 1,
            "Scale9Height": 1,
            "TouchEnable": true,
            "AnchorPoint": {
              "ScaleX": 0.5,
              "ScaleY": 0.5
            },
            "Position": {
              "X": 640.0,
              "Y": 360.0
            },
            "Scale": {
              "ScaleX": 1.0,
              "ScaleY": 1.0
            },
            "CColor": {},
            "IconVisible": false,
            "PrePosition": {
              "X": 0.5,
              "Y": 0.5
            },
            "PreSize": {
              "X": 1.0,
              "Y": 1.0
            },
            "Tag": 170,
            "ActionTag": 413411161,
            "Size": {
              "X": 1280.0,
              "Y": 720.0
            },
            "Name": "block",
            "ctype": "PanelObjectData"
          },
          {
            "FileData": {
              "Type": "Normal",
              "Path": "loading/loading_bg.png",
              "Plist": ""
            },
            "Scale9OriginX": 169,
            "Scale9OriginY": 90,
            "Scale9Width": 107,
            "Scale9Height": 95,
            "AnchorPoint": {
              "ScaleX": 0.5,
              "ScaleY": 0.5
            },
            "Position": {
              "X": 640.0,
              "Y": 360.0
            },
            "Scale": {
              "ScaleX": 1.0,
              "ScaleY": 1.0
            },
            "CColor": {},
            "IconVisible": false,
            "PositionPercentXEnabled": true,
            "PositionPercentYEnabled": true,
            "PrePosition": {
              "X": 0.5,
              "Y": 0.5
            },
            "PreSize": {
              "X": 0.3477,
              "Y": 0.3819
            },
            "LeftMargin": 417.5,
            "RightMargin": 417.5,
            "TopMargin": 222.5,
            "BottomMargin": 222.5,
            "Tag": 161,
            "Children": [
              {
                "FileData": {
                  "Type": "Normal",
                  "Path": "setting/input.png",
                  "Plist": ""
                },
                "Scale9OriginX": 217,
                "Scale9OriginY": 19,
                "Scale9Width": 226,
                "Scale9Height": 22,
                "AnchorPoint": {
                  "ScaleX": 0.5,
                  "ScaleY": 0.5
                },
                "Position": {
                  "X": 221.9521,
                  "Y": 204.9213
                },
                "Scale": {
                  "ScaleX": 1.0,
                  "ScaleY": 1.0
                },
                "CColor": {},
                "IconVisible": false,
                "PrePosition": {
                  "X": 0.4988,
                  "Y": 0.7452
                },
                "PreSize": {
                  "X": 0.6742,
                  "Y": 0.2182
                },
                "LeftMargin": 71.9521,
                "RightMargin": 73.0479,
                "TopMargin": 40.0787,
                "BottomMargin": 174.9213,
                "Tag": 173,
                "Children": [
                  {
                    "FontSize": 30,
                    "IsCustomSize": true,
                    "LabelText": "",
                    "PlaceHolderText": "请输入房间ID",
                    "MaxLengthEnable": true,
                    "MaxLengthText": 20,
                    "TouchEnable": true,
                    "AnchorPoint": {
                      "ScaleX": 0.5,
                      "ScaleY": 0.5
                    },
                    "Position": {
                      "X": 154.5757,
                      "Y": 18.281
                    },
                    "Scale": {
                      "ScaleX": 1.0,
                      "ScaleY": 1.0
                    },
                    "CColor": {
                      "R": 194,
                      "G": 169,
                      "B": 139
                    },
                    "IconVisible": false,
                    "PrePosition": {
                      "X": 0.5153,
                      "Y": 0.3047
                    },
                    "PreSize": {
                      "X": 1.0,
                      "Y": 0.8333
                    },
                    "LeftMargin": 4.5757,
                    "RightMargin": -4.5757,
                    "TopMargin": 16.719,
                    "BottomMargin": -6.719,
                    "Tag": 172,
                    "ActionTag": 1801553502,
                    "Size": {
                      "X": 300.0,
                      "Y": 50.0
                    },
                    "Name": "input",
                    "ctype": "TextFieldObjectData"
                  }
                ],
                "ActionTag": -592319972,
                "Size": {
                  "X": 300.0,
                  "Y": 60.0
                },
                "Name": "inputimg",
                "ctype": "ImageViewObjectData"
              },
              {
                "FontSize": 18,
                "ButtonText": "导出回放数据",
                "TextColor": {
                  "R": 65,
                  "G": 65,
                  "B": 70
                },
                "DisabledFileData": {
                  "Type": "Normal",
                  "Path": "Default/Button_Disable.png",
                  "Plist": ""
                },
                "PressedFileData": {
                  "Type": "Normal",
                  "Path": "Default/Button_Press.png",
                  "Plist": ""
                },
                "NormalFileData": {
                  "Type": "Normal",
                  "Path": "Default/Button_Normal.png",
                  "Plist": ""
                },
                "Scale9Enable": true,
                "Scale9OriginX": 15,
                "Scale9OriginY": 11,
                "Scale9Width": 16,
                "Scale9Height": 14,
                "OutlineColor": {
                  "G": 0,
                  "B": 0
                },
                "ShadowColor": {
                  "R": 110,
                  "G": 110,
                  "B": 110
                },
                "ShadowOffsetX": 2.0,
                "ShadowOffsetY": -2.0,
                "TouchEnable": true,
                "AnchorPoint": {
                  "ScaleX": 0.5,
                  "ScaleY": 0.5
                },
                "Position": {
                  "X": 224.7751,
                  "Y": 121.1445
                },
                "Scale": {
                  "ScaleX": 1.05,
                  "ScaleY": 1.05
                },
                "CColor": {
                  "R": 0,
                  "G": 128,
                  "B": 0
                },
                "IconVisible": false,
                "PrePosition": {
                  "X": 0.5051,
                  "Y": 0.4405
                },
                "PreSize": {
                  "X": 0.4045,
                  "Y": 0.1455
                },
                "LeftMargin": 134.7751,
                "RightMargin": 130.2249,
                "TopMargin": 133.8555,
                "BottomMargin": 101.1445,
                "Tag": 174,
                "ActionTag": 2046280070,
                "Size": {
                  "X": 180.0,
                  "Y": 40.0
                },
                "Name": "send_btn",
                "ctype": "ButtonObjectData"
              },
              {
                "FontSize": 14,
                "ButtonText": "",
                "TextColor": {
                  "R": 65,
                  "G": 65,
                  "B": 70
                },
                "DisabledFileData": {
                  "Type": "PlistSubImage",
                  "Path": "close_h.png",
                  "Plist": "png/Z_close.plist"
                },
                "PressedFileData": {
                  "Type": "PlistSubImage",
                  "Path": "close_h.png",
                  "Plist": "png/Z_close.plist"
                },
                "NormalFileData": {
                  "Type": "PlistSubImage",
                  "Path": "close.png",
                  "Plist": "png/Z_close.plist"
                },
                "Scale9Enable": true,
                "Scale9OriginX": 15,
                "Scale9OriginY": 11,
                "Scale9Width": 25,
                "Scale9Height": 34,
                "OutlineColor": {
                  "G": 0,
                  "B": 0
                },
                "ShadowColor": {
                  "R": 110,
                  "G": 110,
                  "B": 110
                },
                "ShadowOffsetX": 2.0,
                "ShadowOffsetY": -2.0,
                "TouchEnable": true,
                "AnchorPoint": {
                  "ScaleX": 0.5,
                  "ScaleY": 0.5
                },
                "Position": {
                  "X": 423.0311,
                  "Y": 259.4832
                },
                "Scale": {
                  "ScaleX": 1.0,
                  "ScaleY": 1.0
                },
                "CColor": {},
                "IconVisible": false,
                "PrePosition": {
                  "X": 0.9506,
                  "Y": 0.9436
                },
                "PreSize": {
                  "X": 0.1236,
                  "Y": 0.2036
                },
                "LeftMargin": 395.5311,
                "RightMargin": -5.5311,
                "TopMargin": -12.4832,
                "BottomMargin": 231.4832,
                "Tag": 681,
                "ActionTag": 375650805,
                "Size": {
                  "X": 55.0,
                  "Y": 56.0
                },
                "Name": "close",
                "ctype": "ButtonObjectData"
              }
            ],
            "ActionTag": -422875379,
            "Size": {
              "X": 445.0,
              "Y": 275.0
            },
            "Name": "back",
            "ctype": "ImageViewObjectData"
          }
        ],
        "Size": {
          "X": 1280.0,
          "Y": 720.0
        },
        "Name": "Layer",
        "ctype": "LayerObjectData"
      },
      "UsedResources": [
        "Default/Button_Disable.png",
        "Default/Button_Normal.png",
        "Default/Button_Press.png",
        "loading/loading_bg.png",
        "png/Z_close.plist",
        "png/Z_close.png",
        "setting/input.png"
      ],
      "ctype": "GameFileData"
    }
  },
  "Type": "Layer"
}