{
  "ID": "83705a92-dcc1-4e63-b0bd-d3956ddd3ffc",
  "Version": "3.10.0.0",
  "Name": "PlayLogInfo",
  "Content": {
    "Content": {
      "Animation": {
        "Duration": 0,
        "Speed": 1.0,
        "Timelines": [],
        "ctype": "TimelineActionData"
      },
      "AnimationList": [],
      "ObjectData": {
        "Tag": 186,
        "Children": [
          {
            "FileData": {
              "Type": "Normal",
              "Path": "gameEndNew/bac-3.png",
              "Plist": ""
            },
            "Scale9OriginX": 422,
            "Scale9OriginY": 237,
            "Scale9Width": 436,
            "Scale9Height": 246,
            "AnchorPoint": {
              "ScaleX": 0.5,
              "ScaleY": 0.5
            },
            "Position": {
              "X": 0.0,
              "Y": 0.0
            },
            "Scale": {
              "ScaleX": 1.0,
              "ScaleY": 1.0
            },
            "CColor": {},
            "IconVisible": false,
            "PrePosition": {
              "X": 0.0,
              "Y": 0.0
            },
            "PreSize": {
              "X": 0.0,
              "Y": 0.0
            },
            "LeftMargin": -640.0,
            "RightMargin": -640.0,
            "TopMargin": -360.0,
            "BottomMargin": -360.0,
            "Tag": 313,
            "ActionTag": 899311616,
            "Size": {
              "X": 1280.0,
              "Y": 720.0
            },
            "Name": "block",
            "ctype": "ImageViewObjectData"
          },
          {
            "FileData": {
              "Type": "Normal",
              "Path": "gradeNew/t_achievement.png",
              "Plist": ""
            },
            "BlendFunc": {
              "Src": 1,
              "Dst": 771
            },
            "AnchorPoint": {
              "ScaleX": 0.5,
              "ScaleY": 0.5
            },
            "Position": {
              "X": -543.8508,
              "Y": 35.9285
            },
            "Scale": {
              "ScaleX": 1.0,
              "ScaleY": 1.0
            },
            "CColor": {},
            "IconVisible": false,
            "PrePosition": {
              "X": 0.0,
              "Y": 0.0
            },
            "PreSize": {
              "X": 0.0,
              "Y": 0.0
            },
            "LeftMargin": -589.3508,
            "RightMargin": 498.3508,
            "TopMargin": -307.9285,
            "BottomMargin": -236.0715,
            "Tag": 311,
            "ActionTag": 1946438988,
            "Size": {
              "X": 91.0,
              "Y": 544.0
            },
            "Name": "table",
            "ctype": "SpriteObjectData"
          },
          {
            "FontSize": 14,
            "ButtonText": "",
            "TextColor": {
              "R": 65,
              "G": 65,
              "B": 70
            },
            "DisabledFileData": {
              "Type": "Default",
              "Path": "Default/Button_Disable.png",
              "Plist": ""
            },
            "PressedFileData": {
              "Type": "Normal",
              "Path": "gameEndNew/btn-return-press.png",
              "Plist": ""
            },
            "NormalFileData": {
              "Type": "Normal",
              "Path": "gameEndNew/btn-return.png",
              "Plist": ""
            },
            "Scale9Enable": true,
            "Scale9OriginX": 15,
            "Scale9OriginY": 11,
            "Scale9Width": 45,
            "Scale9Height": 48,
            "OutlineColor": {
              "G": 0,
              "B": 0
            },
            "ShadowColor": {
              "R": 110,
              "G": 110,
              "B": 110
            },
            "ShadowOffsetX": 2.0,
            "ShadowOffsetY": -2.0,
            "TouchEnable": true,
            "AnchorPoint": {
              "ScaleX": 0.5,
              "ScaleY": 0.5
            },
            "Position": {
              "X": 553.0449,
              "Y": 326.9943
            },
            "Scale": {
              "ScaleX": 1.0,
              "ScaleY": 1.0
            },
            "CColor": {},
            "IconVisible": false,
            "PrePosition": {
              "X": 0.0,
              "Y": 0.0
            },
            "PreSize": {
              "X": 0.0,
              "Y": 0.0
            },
            "LeftMargin": 515.5449,
            "RightMargin": -590.5449,
            "TopMargin": -361.9943,
            "BottomMargin": 291.9943,
            "Tag": 312,
            "ActionTag": 1593421528,
            "Size": {
              "X": 75.0,
              "Y": 70.0
            },
            "Name": "close",
            "ctype": "ButtonObjectData"
          },
          {
            "FileData": {
              "Type": "Normal",
              "Path": "createRoomNew/line.png",
              "Plist": ""
            },
            "Scale9Enable": true,
            "Scale9OriginX": 30,
            "Scale9OriginY": 30,
            "Scale9Width": 507,
            "Scale9Height": 229,
            "AnchorPoint": {
              "ScaleX": 0.5,
              "ScaleY": 0.5
            },
            "Position": {
              "X": 76.8325,
              "Y": -33.3849
            },
            "Scale": {
              "ScaleX": 1.0,
              "ScaleY": 1.0
            },
            "CColor": {},
            "IconVisible": false,
            "PrePosition": {
              "X": 0.0,
              "Y": 0.0
            },
            "PreSize": {
              "X": 0.0,
              "Y": 0.0
            },
            "LeftMargin": -483.1675,
            "RightMargin": -636.8325,
            "TopMargin": -286.6151,
            "BottomMargin": -353.3849,
            "Tag": 309,
            "Children": [
              {
                "ItemMargin": 5,
                "DirectionType": "Vertical",
                "HorizontalType": "Align_HorizontalCenter",
                "IsBounceEnabled": true,
                "ScrollDirectionType": 0,
                "ClipAble": true,
                "BackColorAlpha": 0,
                "ComboBoxIndex": 1,
                "SingleColor": {},
                "FirstColor": {
                  "R": 150,
                  "G": 150
                },
                "EndColor": {},
                "ColorVector": {
                  "ScaleY": 1.0
                },
                "Scale9Width": 1,
                "Scale9Height": 1,
                "TouchEnable": true,
                "AnchorPoint": {},
                "Position": {
                  "X": 0.0,
                  "Y": 0.0
                },
                "Scale": {
                  "ScaleX": 1.0,
                  "ScaleY": 1.0
                },
                "CColor": {},
                "IconVisible": false,
                "PrePosition": {
                  "X": 0.0,
                  "Y": 0.0
                },
                "PreSize": {
                  "X": 1.0,
                  "Y": 1.0
                },
                "Tag": 310,
                "ActionTag": -1068634309,
                "Size": {
                  "X": 1120.0,
                  "Y": 640.0
                },
                "Name": "list",
                "ctype": "ListViewObjectData"
              }
            ],
            "ActionTag": -2024798328,
            "Size": {
              "X": 1120.0,
              "Y": 640.0
            },
            "Name": "back",
            "ctype": "ImageViewObjectData"
          },
          {
            "FileData": {
              "Type": "Normal",
              "Path": "gameEndNew/floor_11.png",
              "Plist": ""
            },
            "Scale9Enable": true,
            "Scale9OriginX": 25,
            "Scale9OriginY": 26,
            "Scale9Width": 1006,
            "Scale9Height": 87,
            "TouchEnable": true,
            "AnchorPoint": {
              "ScaleX": 0.5,
              "ScaleY": 0.5
            },
            "Position": {
              "X": 77.7136,
              "Y": 201.3304
            },
            "Scale": {
              "ScaleX": 1.0,
              "ScaleY": 1.0
            },
            "CColor": {},
            "IconVisible": false,
            "PrePosition": {
              "X": 0.0,
              "Y": 0.0
            },
            "PreSize": {
              "X": 0.0,
              "Y": 0.0
            },
            "LeftMargin": -450.2864,
            "RightMargin": -605.7136,
            "TopMargin": -270.8304,
            "BottomMargin": 131.8304,
            "Tag": 301,
            "Children": [
              {
                "FileData": {
                  "Type": "Normal",
                  "Path": "gameEndNew/floor_11.png",
                  "Plist": ""
                },
                "Scale9OriginX": 348,
                "Scale9OriginY": 45,
                "Scale9Width": 360,
                "Scale9Height": 49,
                "AnchorPoint": {
                  "ScaleX": 0.5,
                  "ScaleY": 0.5
                },
                "Position": {
                  "X": 528.8986,
                  "Y": 69.0295
                },
                "Scale": {
                  "ScaleX": 1.0,
                  "ScaleY": 1.0
                },
                "CColor": {},
                "IconVisible": false,
                "PrePosition": {
                  "X": 0.5009,
                  "Y": 0.4966
                },
                "PreSize": {
                  "X": 1.0,
                  "Y": 1.0
                },
                "LeftMargin": 0.8986,
                "RightMargin": -0.8986,
                "TopMargin": 0.4705,
                "BottomMargin": -0.4705,
                "Tag": 838,
                "ActionTag": 545759593,
                "Size": {
                  "X": 1056.0,
                  "Y": 139.0
                },
                "Name": "backimg",
                "ctype": "ImageViewObjectData"
              },
              {
                "FileData": {
                  "Type": "Normal",
                  "Path": "gradeNew/floor_15.png",
                  "Plist": ""
                },
                "Scale9OriginX": 84,
                "Scale9OriginY": 43,
                "Scale9Width": 89,
                "Scale9Height": 46,
                "AnchorPoint": {
                  "ScaleX": 0.5,
                  "ScaleY": 0.5
                },
                "Position": {
                  "X": 130.9413,
                  "Y": 71.0506
                },
                "Scale": {
                  "ScaleX": 1.0,
                  "ScaleY": 0.995
                },
                "CColor": {},
                "IconVisible": false,
                "PrePosition": {
                  "X": 0.124,
                  "Y": 0.5112
                },
                "PreSize": {
                  "X": 0.2434,
                  "Y": 0.9496
                },
                "LeftMargin": 2.4413,
                "RightMargin": 796.5587,
                "TopMargin": 1.9494,
                "BottomMargin": 5.0506,
                "Tag": 314,
                "ActionTag": 1595713593,
                "Size": {
                  "X": 257.0,
                  "Y": 132.0
                },
                "Name": "idback",
                "ctype": "ImageViewObjectData"
              },
              {
                "FontSize": 60,
                "LabelText": "120",
                "OutlineColor": {
                  "G": 0,
                  "B": 0
                },
                "ShadowColor": {
                  "R": 110,
                  "G": 110,
                  "B": 110
                },
                "ShadowOffsetX": 2.0,
                "ShadowOffsetY": -2.0,
                "AnchorPoint": {
                  "ScaleY": 0.5
                },
                "Position": {
                  "X": 15.09,
                  "Y": 65.29
                },
                "Scale": {
                  "ScaleX": 1.0,
                  "ScaleY": 1.0
                },
                "CColor": {
                  "R": 156,
                  "G": 63,
                  "B": 39
                },
                "IconVisible": false,
                "PrePosition": {
                  "X": 0.0143,
                  "Y": 0.4697
                },
                "PreSize": {
                  "X": 0.0852,
                  "Y": 0.4317
                },
                "LeftMargin": 15.09,
                "RightMargin": 950.91,
                "TopMargin": 43.71,
                "BottomMargin": 35.29,
                "Tag": 302,
                "ActionTag": -1466756019,
                "Size": {
                  "X": 90.0,
                  "Y": 60.0
                },
                "Name": "num",
                "ctype": "TextObjectData"
              },
              {
                "FontSize": 24,
                "LabelText": "房间号:123456dfgdfgsd",
                "OutlineColor": {
                  "G": 0,
                  "B": 0
                },
                "ShadowColor": {
                  "R": 110,
                  "G": 110,
                  "B": 110
                },
                "ShadowOffsetX": 2.0,
                "ShadowOffsetY": -2.0,
                "AnchorPoint": {
                  "ScaleY": 0.5
                },
                "Position": {
                  "X": 117.5189,
                  "Y": 95.6529
                },
                "Scale": {
                  "ScaleX": 1.0,
                  "ScaleY": 1.0
                },
                "CColor": {
                  "R": 108,
                  "G": 37,
                  "B": 20
                },
                "IconVisible": false,
                "PrePosition": {
                  "X": 0.1113,
                  "Y": 0.6882
                },
                "PreSize": {
                  "X": 0.2386,
                  "Y": 0.1727
                },
                "LeftMargin": 117.5189,
                "RightMargin": 686.4811,
                "TopMargin": 31.3471,
                "BottomMargin": 83.6529,
                "Tag": 303,
                "ActionTag": 1823616311,
                "Size": {
                  "X": 252.0,
                  "Y": 24.0
                },
                "Name": "tableid",
                "ctype": "TextObjectData"
              },
              {
                "FontSize": 24,
                "LabelText": "对战时间对战时sdfsdfsf",
                "OutlineColor": {
                  "G": 0,
                  "B": 0
                },
                "ShadowColor": {
                  "R": 110,
                  "G": 110,
                  "B": 110
                },
                "ShadowOffsetX": 2.0,
                "ShadowOffsetY": -2.0,
                "AnchorPoint": {
                  "ScaleY": 0.5
                },
                "Position": {
                  "X": 494.1582,
                  "Y": 95.6529
                },
                "Scale": {
                  "ScaleX": 1.0,
                  "ScaleY": 1.0
                },
                "CColor": {
                  "R": 108,
                  "G": 37,
                  "B": 20
                },
                "IconVisible": false,
                "PrePosition": {
                  "X": 0.468,
                  "Y": 0.6882
                },
                "PreSize": {
                  "X": 0.25,
                  "Y": 0.1727
                },
                "LeftMargin": 494.1582,
                "RightMargin": 297.8418,
                "TopMargin": 31.3471,
                "BottomMargin": 83.6529,
                "Tag": 304,
                "ActionTag": -1433864783,
                "Size": {
                  "X": 264.0,
                  "Y": 24.0
                },
                "Name": "time",
                "ctype": "TextObjectData"
              },
              {
                "FontSize": 24,
                "LabelText": "房间号:123456sdfsadsdf",
                "OutlineColor": {
                  "G": 0,
                  "B": 0
                },
                "ShadowColor": {
                  "R": 110,
                  "G": 110,
                  "B": 110
                },
                "ShadowOffsetX": 2.0,
                "ShadowOffsetY": -2.0,
                "AnchorPoint": {
                  "ScaleY": 0.5
                },
                "Position": {
                  "X": 117.5189,
                  "Y": 63.2632
                },
                "Scale": {
                  "ScaleX": 1.0,
                  "ScaleY": 1.0
                },
                "CColor": {
                  "R": 108,
                  "G": 37,
                  "B": 20
                },
                "IconVisible": false,
                "PrePosition": {
                  "X": 0.1113,
                  "Y": 0.4551
                },
                "PreSize": {
                  "X": 0.25,
                  "Y": 0.1727
                },
                "LeftMargin": 117.5189,
                "RightMargin": 674.4811,
                "TopMargin": 63.7368,
                "BottomMargin": 51.2632,
                "Tag": 305,
                "ActionTag": 73636825,
                "Size": {
                  "X": 264.0,
                  "Y": 24.0
                },
                "Name": "player0",
                "ctype": "TextObjectData"
              },
              {
                "FontSize": 24,
                "LabelText": "房间号:12345621233sd",
                "OutlineColor": {
                  "G": 0,
                  "B": 0
                },
                "ShadowColor": {
                  "R": 110,
                  "G": 110,
                  "B": 110
                },
                "ShadowOffsetX": 2.0,
                "ShadowOffsetY": -2.0,
                "AnchorPoint": {
                  "ScaleY": 0.5
                },
                "Position": {
                  "X": 493.1582,
                  "Y": 63.2632
                },
                "Scale": {
                  "ScaleX": 1.0,
                  "ScaleY": 1.0
                },
                "CColor": {
                  "R": 108,
                  "G": 37,
                  "B": 20
                },
                "IconVisible": false,
                "PrePosition": {
                  "X": 0.467,
                  "Y": 0.4551
                },
                "PreSize": {
                  "X": 0.2273,
                  "Y": 0.1727
                },
                "LeftMargin": 493.1582,
                "RightMargin": 322.8418,
                "TopMargin": 63.7368,
                "BottomMargin": 51.2632,
                "Tag": 306,
                "ActionTag": 1452633493,
                "Size": {
                  "X": 240.0,
                  "Y": 24.0
                },
                "Name": "player1",
                "ctype": "TextObjectData"
              },
              {
                "FontSize": 24,
                "LabelText": "房间号:123456sdfsadsdf",
                "OutlineColor": {
                  "G": 0,
                  "B": 0
                },
                "ShadowColor": {
                  "R": 110,
                  "G": 110,
                  "B": 110
                },
                "ShadowOffsetX": 2.0,
                "ShadowOffsetY": -2.0,
                "AnchorPoint": {
                  "ScaleY": 0.5
                },
                "Position": {
                  "X": 117.5189,
                  "Y": 30.8733
                },
                "Scale": {
                  "ScaleX": 1.0,
                  "ScaleY": 1.0
                },
                "CColor": {
                  "R": 108,
                  "G": 37,
                  "B": 20
                },
                "IconVisible": false,
                "PrePosition": {
                  "X": 0.1113,
                  "Y": 0.2221
                },
                "PreSize": {
                  "X": 0.25,
                  "Y": 0.1727
                },
                "LeftMargin": 117.5189,
                "RightMargin": 674.4811,
                "TopMargin": 96.1267,
                "BottomMargin": 18.8733,
                "Tag": 307,
                "ActionTag": 1397454035,
                "Size": {
                  "X": 264.0,
                  "Y": 24.0
                },
                "Name": "player2",
                "ctype": "TextObjectData"
              },
              {
                "FontSize": 24,
                "LabelText": "房间号:123456sdfdssdf",
                "OutlineColor": {
                  "G": 0,
                  "B": 0
                },
                "ShadowColor": {
                  "R": 110,
                  "G": 110,
                  "B": 110
                },
                "ShadowOffsetX": 2.0,
                "ShadowOffsetY": -2.0,
                "AnchorPoint": {
                  "ScaleY": 0.5
                },
                "Position": {
                  "X": 494.1582,
                  "Y": 30.8734
                },
                "Scale": {
                  "ScaleX": 1.0,
                  "ScaleY": 1.0
                },
                "CColor": {
                  "R": 108,
                  "G": 37,
                  "B": 20
                },
                "IconVisible": false,
                "PrePosition": {
                  "X": 0.468,
                  "Y": 0.2221
                },
                "PreSize": {
                  "X": 0.2386,
                  "Y": 0.1727
                },
                "LeftMargin": 494.1582,
                "RightMargin": 309.8418,
                "TopMargin": 96.1266,
                "BottomMargin": 18.8734,
                "Tag": 308,
                "ActionTag": -802327430,
                "Size": {
                  "X": 252.0,
                  "Y": 24.0
                },
                "Name": "player3",
                "ctype": "TextObjectData"
              },
              {
                "FontSize": 14,
                "ButtonText": "",
                "TextColor": {
                  "R": 65,
                  "G": 65,
                  "B": 70
                },
                "DisabledFileData": {
                  "Type": "Normal",
                  "Path": "gradeNew/btn_playback_press.png",
                  "Plist": ""
                },
                "PressedFileData": {
                  "Type": "Normal",
                  "Path": "gradeNew/btn_playback_press.png",
                  "Plist": ""
                },
                "NormalFileData": {
                  "Type": "Normal",
                  "Path": "gradeNew/btn_playback_normal.png",
                  "Plist": ""
                },
                "Scale9Enable": true,
                "Scale9OriginX": 15,
                "Scale9OriginY": 11,
                "Scale9Width": 140,
                "Scale9Height": 43,
                "OutlineColor": {
                  "G": 0,
                  "B": 0
                },
                "ShadowColor": {
                  "R": 110,
                  "G": 110,
                  "B": 110
                },
                "ShadowOffsetX": 2.0,
                "ShadowOffsetY": -2.0,
                "TouchEnable": true,
                "AnchorPoint": {
                  "ScaleX": 0.5,
                  "ScaleY": 0.5
                },
                "Position": {
                  "X": 900.3979,
                  "Y": 67.5451
                },
                "Scale": {
                  "ScaleX": 1.0,
                  "ScaleY": 1.0
                },
                "CColor": {},
                "IconVisible": false,
                "PrePosition": {
                  "X": 0.8526,
                  "Y": 0.4859
                },
                "PreSize": {
                  "X": 0.161,
                  "Y": 0.4676
                },
                "LeftMargin": 815.3979,
                "RightMargin": 70.6021,
                "TopMargin": 38.9549,
                "BottomMargin": 35.0451,
                "Tag": 196,
                "ActionTag": 1383583680,
                "Size": {
                  "X": 170.0,
                  "Y": 65.0
                },
                "Name": "replay",
                "ctype": "ButtonObjectData"
              }
            ],
            "ActionTag": -1828041096,
            "Size": {
              "X": 1056.0,
              "Y": 139.0
            },
            "Alpha": 234,
            "Name": "item",
            "ctype": "ImageViewObjectData"
          }
        ],
        "Size": {
          "X": 0.0,
          "Y": 0.0
        },
        "Name": "Node",
        "ctype": "SingleNodeObjectData"
      },
      "UsedResources": [
        "createRoomNew/line.png",
        "Default/Button_Disable.png",
        "gameEndNew/bac-3.png",
        "gameEndNew/btn-return.png",
        "gameEndNew/btn-return-press.png",
        "gameEndNew/floor_11.png",
        "gradeNew/btn_playback_normal.png",
        "gradeNew/btn_playback_press.png",
        "gradeNew/floor_15.png",
        "gradeNew/t_achievement.png"
      ],
      "ctype": "GameFileData"
    }
  },
  "Type": "Node"
}