{
  "ID": "b1f99a30-002a-4afa-9a5c-a30806029ae8",
  "Version": "3.10.0.0",
  "Name": "PopUpMsg1",
  "Content": {
    "Content": {
      "Animation": {
        "Duration": 0,
        "Speed": 1.0,
        "Timelines": [],
        "ctype": "TimelineActionData"
      },
      "AnimationList": [],
      "ObjectData": {
        "Tag": 20,
        "Children": [
          {
            "ClipAble": false,
            "BackColorAlpha": 204,
            "ComboBoxIndex": 1,
            "SingleColor": {
              "R": 0,
              "G": 0,
              "B": 0
            },
            "FirstColor": {
              "R": 150,
              "G": 200
            },
            "EndColor": {},
            "ColorVector": {
              "ScaleY": 1.0
            },
            "Scale9Width": 1,
            "Scale9Height": 1,
            "TouchEnable": true,
            "AnchorPoint": {
              "ScaleX": 0.5,
              "ScaleY": 0.5
            },
            "Position": {
              "X": 0.0,
              "Y": 0.0
            },
            "Scale": {
              "ScaleX": 1.0,
              "ScaleY": 1.0
            },
            "CColor": {},
            "IconVisible": false,
            "PrePosition": {
              "X": 0.0,
              "Y": 0.0
            },
            "PreSize": {
              "X": 0.0,
              "Y": 0.0
            },
            "LeftMargin": -640.0,
            "RightMargin": -640.0,
            "TopMargin": -360.0,
            "BottomMargin": -360.0,
            "Tag": 32,
            "ActionTag": 1766474862,
            "Size": {
              "X": 1280.0,
              "Y": 720.0
            },
            "Name": "block",
            "ctype": "PanelObjectData"
          },
          {
            "FileData": {
              "Type": "Normal",
              "Path": "set/window-small.png",
              "Plist": ""
            },
            "Scale9OriginX": 170,
            "Scale9OriginY": 127,
            "Scale9Width": 355,
            "Scale9Height": 224,
            "AnchorPoint": {
              "ScaleX": 0.5,
              "ScaleY": 0.5
            },
            "Position": {
              "X": 0.0,
              "Y": 0.0
            },
            "Scale": {
              "ScaleX": 1.0,
              "ScaleY": 1.0
            },
            "CColor": {},
            "IconVisible": false,
            "PrePosition": {
              "X": 0.0,
              "Y": 0.0
            },
            "PreSize": {
              "X": 0.0,
              "Y": 0.0
            },
            "LeftMargin": -347.5,
            "RightMargin": -347.5,
            "TopMargin": -239.0,
            "BottomMargin": -239.0,
            "Tag": 69,
            "Children": [
              {
                "IsCustomSize": true,
                "FontSize": 32,
                "LabelText": "请添加联系以下微信号,进行充值。\n请添加联系以下微信号,进行充值。\n请添加联系以下微信号,进行充值。",
                "OutlineColor": {
                  "G": 0,
                  "B": 0
                },
                "ShadowColor": {
                  "R": 110,
                  "G": 110,
                  "B": 110
                },
                "ShadowOffsetX": 2.0,
                "ShadowOffsetY": -2.0,
                "AnchorPoint": {
                  "ScaleX": 0.5,
                  "ScaleY": 0.5
                },
                "Position": {
                  "X": 345.5206,
                  "Y": 254.495
                },
                "Scale": {
                  "ScaleX": 1.0,
                  "ScaleY": 1.0
                },
                "CColor": {
                  "R": 228,
                  "G": 192,
                  "B": 112
                },
                "IconVisible": false,
                "PrePosition": {
                  "X": 0.4972,
                  "Y": 0.5324
                },
                "PreSize": {
                  "X": 0.7482,
                  "Y": 0.2301
                },
                "LeftMargin": 85.5206,
                "RightMargin": 89.4794,
                "TopMargin": 168.505,
                "BottomMargin": 199.495,
                "Tag": 165,
                "ActionTag": -1709109701,
                "Size": {
                  "X": 520.0,
                  "Y": 110.0
                },
                "Name": "msg",
                "ctype": "TextObjectData"
              },
              {
                "FontSize": 14,
                "ButtonText": "",
                "TextColor": {
                  "R": 65,
                  "G": 65,
                  "B": 70
                },
                "DisabledFileData": {
                  "Type": "Default",
                  "Path": "Default/Button_Disable.png",
                  "Plist": ""
                },
                "PressedFileData": {
                  "Type": "Normal",
                  "Path": "popupmsg/btn_dle_normal1.png",
                  "Plist": ""
                },
                "NormalFileData": {
                  "Type": "Normal",
                  "Path": "popupmsg/btn_dle_normal.png",
                  "Plist": ""
                },
                "Scale9Enable": true,
                "Scale9OriginX": 15,
                "Scale9OriginY": 11,
                "Scale9Width": 140,
                "Scale9Height": 43,
                "OutlineColor": {
                  "G": 0,
                  "B": 0
                },
                "ShadowColor": {
                  "R": 110,
                  "G": 110,
                  "B": 110
                },
                "ShadowOffsetX": 2.0,
                "ShadowOffsetY": -2.0,
                "TouchEnable": true,
                "AnchorPoint": {
                  "ScaleX": 0.5,
                  "ScaleY": 0.5
                },
                "Position": {
                  "X": 464.5511,
                  "Y": 109.67
                },
                "Scale": {
                  "ScaleX": 1.0,
                  "ScaleY": 1.0
                },
                "CColor": {},
                "IconVisible": false,
                "PrePosition": {
                  "X": 0.6684,
                  "Y": 0.2294
                },
                "PreSize": {
                  "X": 0.2446,
                  "Y": 0.136
                },
                "LeftMargin": 379.5511,
                "RightMargin": 145.4489,
                "TopMargin": 335.83,
                "BottomMargin": 77.17,
                "Tag": 71,
                "ActionTag": 1575123502,
                "Size": {
                  "X": 170.0,
                  "Y": 65.0
                },
                "Name": "no",
                "ctype": "ButtonObjectData"
              },
              {
                "FontSize": 14,
                "ButtonText": "",
                "TextColor": {
                  "R": 65,
                  "G": 65,
                  "B": 70
                },
                "DisabledFileData": {
                  "Type": "Default",
                  "Path": "Default/Button_Disable.png",
                  "Plist": ""
                },
                "PressedFileData": {
                  "Type": "Normal",
                  "Path": "popupmsg/btn_confirm_press.png",
                  "Plist": ""
                },
                "NormalFileData": {
                  "Type": "Normal",
                  "Path": "popupmsg/btn_confirm_normal.png",
                  "Plist": ""
                },
                "Scale9Enable": true,
                "Scale9OriginX": 15,
                "Scale9OriginY": 11,
                "Scale9Width": 140,
                "Scale9Height": 43,
                "OutlineColor": {
                  "G": 0,
                  "B": 0
                },
                "ShadowColor": {
                  "R": 110,
                  "G": 110,
                  "B": 110
                },
                "ShadowOffsetX": 2.0,
                "ShadowOffsetY": -2.0,
                "TouchEnable": true,
                "AnchorPoint": {
                  "ScaleX": 0.5,
                  "ScaleY": 0.5
                },
                "Position": {
                  "X": 232.2502,
                  "Y": 109.67
                },
                "Scale": {
                  "ScaleX": 1.0,
                  "ScaleY": 1.0
                },
                "CColor": {},
                "IconVisible": false,
                "PrePosition": {
                  "X": 0.3342,
                  "Y": 0.2294
                },
                "PreSize": {
                  "X": 0.2446,
                  "Y": 0.136
                },
                "LeftMargin": 147.2502,
                "RightMargin": 377.7498,
                "TopMargin": 335.83,
                "BottomMargin": 77.17,
                "Tag": 164,
                "ActionTag": -1513567581,
                "Size": {
                  "X": 170.0,
                  "Y": 65.0
                },
                "Name": "yes",
                "ctype": "ButtonObjectData"
              }
            ],
            "ActionTag": 1752009386,
            "Size": {
              "X": 695.0,
              "Y": 478.0
            },
            "Name": "back",
            "ctype": "ImageViewObjectData"
          }
        ],
        "Size": {
          "X": 0.0,
          "Y": 0.0
        },
        "Name": "Node",
        "ctype": "SingleNodeObjectData"
      },
      "UsedResources": [
        "Default/Button_Disable.png",
        "popupmsg/btn_confirm_normal.png",
        "popupmsg/btn_confirm_press.png",
        "popupmsg/btn_dle_normal.png",
        "popupmsg/btn_dle_normal1.png",
        "set/window-small.png"
      ],
      "ctype": "GameFileData"
    }
  },
  "Type": "Node"
}