{
  "ID": "fbbc65ac-e0df-4570-94fe-f28adc590dc4",
  "Version": "3.10.0.0",
  "Name": "DelRoom",
  "Content": {
    "Content": {
      "Animation": {
        "Duration": 0,
        "Speed": 1.0,
        "Timelines": [],
        "ctype": "TimelineActionData"
      },
      "AnimationList": [],
      "ObjectData": {
        "Tag": 37,
        "Children": [
          {
            "ClipAble": false,
            "BackColorAlpha": 178,
            "ComboBoxIndex": 1,
            "SingleColor": {
              "R": 0,
              "G": 0,
              "B": 0
            },
            "FirstColor": {
              "R": 150,
              "G": 200
            },
            "EndColor": {},
            "ColorVector": {
              "ScaleY": 1.0
            },
            "Scale9Width": 1,
            "Scale9Height": 1,
            "TouchEnable": true,
            "AnchorPoint": {
              "ScaleX": 0.5,
              "ScaleY": 0.5
            },
            "Position": {
              "X": 0.0,
              "Y": 0.0
            },
            "Scale": {
              "ScaleX": 1.0,
              "ScaleY": 1.0
            },
            "CColor": {
              "R": 0,
              "G": 0,
              "B": 0
            },
            "IconVisible": false,
            "PrePosition": {
              "X": 0.0,
              "Y": 0.0
            },
            "PreSize": {
              "X": 0.0,
              "Y": 0.0
            },
            "LeftMargin": -640.0,
            "RightMargin": -640.0,
            "TopMargin": -360.0,
            "BottomMargin": -360.0,
            "Tag": 1606,
            "ActionTag": -478305417,
            "Size": {
              "X": 1280.0,
              "Y": 720.0
            },
            "Alpha": 204,
            "Name": "block",
            "ctype": "PanelObjectData"
          },
          {
            "FileData": {
              "Type": "Normal",
              "Path": "set/window-small.png",
              "Plist": ""
            },
            "Scale9OriginX": 170,
            "Scale9OriginY": 127,
            "Scale9Width": 355,
            "Scale9Height": 224,
            "AnchorPoint": {
              "ScaleX": 0.5,
              "ScaleY": 0.5
            },
            "Position": {
              "X": 0.0,
              "Y": 0.0
            },
            "Scale": {
              "ScaleX": 1.0,
              "ScaleY": 1.0
            },
            "CColor": {},
            "IconVisible": false,
            "PrePosition": {
              "X": 0.0,
              "Y": 0.0
            },
            "PreSize": {
              "X": 0.0,
              "Y": 0.0
            },
            "LeftMargin": -347.5,
            "RightMargin": -347.5,
            "TopMargin": -239.0,
            "BottomMargin": -239.0,
            "Tag": 38,
            "Children": [
              {
                "FileData": {
                  "Type": "Normal",
                  "Path": "dissolveRoomNew/t_dissolution_02.png",
                  "Plist": ""
                },
                "BlendFunc": {
                  "Src": 1,
                  "Dst": 771
                },
                "AnchorPoint": {
                  "ScaleX": 0.5,
                  "ScaleY": 0.5
                },
                "Position": {
                  "X": 350.1808,
                  "Y": 443.9973
                },
                "Scale": {
                  "ScaleX": 1.0,
                  "ScaleY": 1.0
                },
                "CColor": {},
                "IconVisible": false,
                "PrePosition": {
                  "X": 0.5039,
                  "Y": 0.9289
                },
                "PreSize": {
                  "X": 0.8086,
                  "Y": 0.1464
                },
                "LeftMargin": 69.1808,
                "RightMargin": 63.8192,
                "TopMargin": -0.9973,
                "BottomMargin": 408.9973,
                "Tag": 41,
                "ActionTag": 1165997093,
                "Size": {
                  "X": 562.0,
                  "Y": 70.0
                },
                "Name": "title",
                "ctype": "SpriteObjectData"
              },
              {
                "FontSize": 14,
                "ButtonText": "",
                "TextColor": {
                  "R": 65,
                  "G": 65,
                  "B": 70
                },
                "DisabledFileData": {
                  "Type": "Default",
                  "Path": "Default/Button_Disable.png",
                  "Plist": ""
                },
                "PressedFileData": {
                  "Type": "Normal",
                  "Path": "dissolveRoomNew/btn_agree01_press.png",
                  "Plist": ""
                },
                "NormalFileData": {
                  "Type": "Normal",
                  "Path": "dissolveRoomNew/btn_agree01_normal.png",
                  "Plist": ""
                },
                "Scale9Enable": true,
                "Scale9OriginX": 15,
                "Scale9OriginY": 11,
                "Scale9Width": 140,
                "Scale9Height": 43,
                "OutlineColor": {
                  "G": 0,
                  "B": 0
                },
                "ShadowColor": {
                  "R": 110,
                  "G": 110,
                  "B": 110
                },
                "ShadowOffsetX": 2.0,
                "ShadowOffsetY": -2.0,
                "TouchEnable": true,
                "AnchorPoint": {
                  "ScaleX": 0.5,
                  "ScaleY": 0.5
                },
                "Position": {
                  "X": 236.979,
                  "Y": 92.0003
                },
                "Scale": {
                  "ScaleX": 1.0,
                  "ScaleY": 1.0
                },
                "CColor": {},
                "IconVisible": false,
                "PrePosition": {
                  "X": 0.341,
                  "Y": 0.1925
                },
                "PreSize": {
                  "X": 0.2446,
                  "Y": 0.136
                },
                "LeftMargin": 151.979,
                "RightMargin": 373.021,
                "TopMargin": 353.4997,
                "BottomMargin": 59.5003,
                "Tag": 39,
                "ActionTag": 261573171,
                "Size": {
                  "X": 170.0,
                  "Y": 65.0
                },
                "Name": "yes",
                "ctype": "ButtonObjectData"
              },
              {
                "FontSize": 14,
                "ButtonText": "",
                "TextColor": {
                  "R": 65,
                  "G": 65,
                  "B": 70
                },
                "DisabledFileData": {
                  "Type": "Default",
                  "Path": "Default/Button_Disable.png",
                  "Plist": ""
                },
                "PressedFileData": {
                  "Type": "Normal",
                  "Path": "dissolveRoomNew/btn_refuse_press.png",
                  "Plist": ""
                },
                "NormalFileData": {
                  "Type": "Normal",
                  "Path": "dissolveRoomNew/btn_refuse_normal.png",
                  "Plist": ""
                },
                "Scale9Enable": true,
                "Scale9OriginX": 15,
                "Scale9OriginY": 11,
                "Scale9Width": 140,
                "Scale9Height": 43,
                "OutlineColor": {
                  "G": 0,
                  "B": 0
                },
                "ShadowColor": {
                  "R": 110,
                  "G": 110,
                  "B": 110
                },
                "ShadowOffsetX": 2.0,
                "ShadowOffsetY": -2.0,
                "TouchEnable": true,
                "AnchorPoint": {
                  "ScaleX": 0.5,
                  "ScaleY": 0.5
                },
                "Position": {
                  "X": 454.9117,
                  "Y": 92.0003
                },
                "Scale": {
                  "ScaleX": 1.0,
                  "ScaleY": 1.0
                },
                "CColor": {},
                "IconVisible": false,
                "PrePosition": {
                  "X": 0.6545,
                  "Y": 0.1925
                },
                "PreSize": {
                  "X": 0.2446,
                  "Y": 0.136
                },
                "LeftMargin": 369.9117,
                "RightMargin": 155.0883,
                "TopMargin": 353.4997,
                "BottomMargin": 59.5003,
                "Tag": 40,
                "ActionTag": -1929921974,
                "Size": {
                  "X": 170.0,
                  "Y": 65.0
                },
                "Name": "no",
                "ctype": "ButtonObjectData"
              },
              {
                "FontSize": 24,
                "LabelText": "玩家[abcdhdfafdsij]申请解散房间",
                "OutlineColor": {
                  "G": 0,
                  "B": 0
                },
                "ShadowColor": {
                  "R": 110,
                  "G": 110,
                  "B": 110
                },
                "ShadowOffsetX": 2.0,
                "ShadowOffsetY": -2.0,
                "AnchorPoint": {
                  "ScaleY": 0.5
                },
                "Position": {
                  "X": 166.8552,
                  "Y": 355.9977
                },
                "Scale": {
                  "ScaleX": 1.0,
                  "ScaleY": 1.0
                },
                "CColor": {
                  "R": 228,
                  "G": 192,
                  "B": 112
                },
                "IconVisible": false,
                "PrePosition": {
                  "X": 0.2401,
                  "Y": 0.7448
                },
                "PreSize": {
                  "X": 0.5353,
                  "Y": 0.0502
                },
                "LeftMargin": 166.8552,
                "RightMargin": 156.1448,
                "TopMargin": 110.0023,
                "BottomMargin": 343.9977,
                "Tag": 42,
                "ActionTag": -1407522131,
                "Size": {
                  "X": 372.0,
                  "Y": 24.0
                },
                "Name": "player0",
                "ctype": "TextObjectData"
              },
              {
                "FontSize": 24,
                "LabelText": "玩家[abcdhdfafdsij]申请解散房间",
                "OutlineColor": {
                  "G": 0,
                  "B": 0
                },
                "ShadowColor": {
                  "R": 110,
                  "G": 110,
                  "B": 110
                },
                "ShadowOffsetX": 2.0,
                "ShadowOffsetY": -2.0,
                "AnchorPoint": {
                  "ScaleY": 0.5
                },
                "Position": {
                  "X": 166.8552,
                  "Y": 320.5941
                },
                "Scale": {
                  "ScaleX": 1.0,
                  "ScaleY": 1.0
                },
                "CColor": {
                  "R": 228,
                  "G": 192,
                  "B": 112
                },
                "IconVisible": false,
                "PrePosition": {
                  "X": 0.2401,
                  "Y": 0.6707
                },
                "PreSize": {
                  "X": 0.5353,
                  "Y": 0.0502
                },
                "LeftMargin": 166.8552,
                "RightMargin": 156.1448,
                "TopMargin": 145.4059,
                "BottomMargin": 308.5941,
                "Tag": 43,
                "ActionTag": 570132051,
                "Size": {
                  "X": 372.0,
                  "Y": 24.0
                },
                "Name": "time",
                "ctype": "TextObjectData"
              },
              {
                "FontSize": 24,
                "LabelText": "玩家[abcdhdfafdsij]申请解散房间",
                "OutlineColor": {
                  "G": 0,
                  "B": 0
                },
                "ShadowColor": {
                  "R": 110,
                  "G": 110,
                  "B": 110
                },
                "ShadowOffsetX": 2.0,
                "ShadowOffsetY": -2.0,
                "AnchorPoint": {
                  "ScaleY": 0.5
                },
                "Position": {
                  "X": 166.8552,
                  "Y": 285.1913
                },
                "Scale": {
                  "ScaleX": 1.0,
                  "ScaleY": 1.0
                },
                "CColor": {
                  "R": 228,
                  "G": 192,
                  "B": 112
                },
                "IconVisible": false,
                "PrePosition": {
                  "X": 0.2401,
                  "Y": 0.5966
                },
                "PreSize": {
                  "X": 0.5353,
                  "Y": 0.0502
                },
                "LeftMargin": 166.8552,
                "RightMargin": 156.1448,
                "TopMargin": 180.8087,
                "BottomMargin": 273.1913,
                "Tag": 44,
                "ActionTag": -571091661,
                "Size": {
                  "X": 372.0,
                  "Y": 24.0
                },
                "Name": "player1",
                "ctype": "TextObjectData"
              },
              {
                "FontSize": 24,
                "LabelText": "玩家[abcdhdfafdsij]申请解散房间",
                "OutlineColor": {
                  "G": 0,
                  "B": 0
                },
                "ShadowColor": {
                  "R": 110,
                  "G": 110,
                  "B": 110
                },
                "ShadowOffsetX": 2.0,
                "ShadowOffsetY": -2.0,
                "AnchorPoint": {
                  "ScaleY": 0.5
                },
                "Position": {
                  "X": 166.8552,
                  "Y": 249.7881
                },
                "Scale": {
                  "ScaleX": 1.0,
                  "ScaleY": 1.0
                },
                "CColor": {
                  "R": 228,
                  "G": 192,
                  "B": 112
                },
                "IconVisible": false,
                "PrePosition": {
                  "X": 0.2401,
                  "Y": 0.5226
                },
                "PreSize": {
                  "X": 0.5353,
                  "Y": 0.0502
                },
                "LeftMargin": 166.8552,
                "RightMargin": 156.1448,
                "TopMargin": 216.2119,
                "BottomMargin": 237.7881,
                "Tag": 45,
                "ActionTag": 569487359,
                "Size": {
                  "X": 372.0,
                  "Y": 24.0
                },
                "Name": "player2",
                "ctype": "TextObjectData"
              },
              {
                "FontSize": 24,
                "LabelText": "玩家[abcdhdfafdsij]申请解散房间",
                "OutlineColor": {
                  "G": 0,
                  "B": 0
                },
                "ShadowColor": {
                  "R": 110,
                  "G": 110,
                  "B": 110
                },
                "ShadowOffsetX": 2.0,
                "ShadowOffsetY": -2.0,
                "AnchorPoint": {
                  "ScaleY": 0.5
                },
                "Position": {
                  "X": 166.8552,
                  "Y": 214.3853
                },
                "Scale": {
                  "ScaleX": 1.0,
                  "ScaleY": 1.0
                },
                "CColor": {
                  "R": 228,
                  "G": 192,
                  "B": 112
                },
                "IconVisible": false,
                "PrePosition": {
                  "X": 0.2401,
                  "Y": 0.4485
                },
                "PreSize": {
                  "X": 0.5353,
                  "Y": 0.0502
                },
                "LeftMargin": 166.8552,
                "RightMargin": 156.1448,
                "TopMargin": 251.6147,
                "BottomMargin": 202.3853,
                "Tag": 46,
                "ActionTag": 779769533,
                "Size": {
                  "X": 372.0,
                  "Y": 24.0
                },
                "Name": "player3",
                "ctype": "TextObjectData"
              }
            ],
            "ActionTag": -2115898090,
            "Size": {
              "X": 695.0,
              "Y": 478.0
            },
            "Name": "back",
            "ctype": "ImageViewObjectData"
          }
        ],
        "Size": {
          "X": 0.0,
          "Y": 0.0
        },
        "Name": "Node",
        "ctype": "SingleNodeObjectData"
      },
      "UsedResources": [
        "Default/Button_Disable.png",
        "dissolveRoomNew/btn_agree01_normal.png",
        "dissolveRoomNew/btn_agree01_press.png",
        "dissolveRoomNew/btn_refuse_normal.png",
        "dissolveRoomNew/btn_refuse_press.png",
        "dissolveRoomNew/t_dissolution_02.png",
        "set/window-small.png"
      ],
      "ctype": "GameFileData"
    }
  },
  "Type": "Node"
}