{
  "ID": "13185c0a-8d44-4b87-bc97-0e23ccb4b61e",
  "Version": "3.10.0.0",
  "Name": "NetError",
  "Content": {
    "Content": {
      "Animation": {
        "Duration": 0,
        "Speed": 1.0,
        "Timelines": [],
        "ctype": "TimelineActionData"
      },
      "AnimationList": [],
      "ObjectData": {
        "Tag": 4,
        "Children": [
          {
            "ClipAble": false,
            "BackColorAlpha": 56,
            "ComboBoxIndex": 1,
            "SingleColor": {
              "R": 150,
              "G": 200
            },
            "FirstColor": {
              "R": 150,
              "G": 200
            },
            "EndColor": {},
            "ColorVector": {
              "ScaleY": 1.0
            },
            "Scale9Width": 1,
            "Scale9Height": 1,
            "TouchEnable": true,
            "AnchorPoint": {
              "ScaleX": 0.5,
              "ScaleY": 0.5
            },
            "Position": {
              "X": 0.0,
              "Y": 3.35
            },
            "Scale": {
              "ScaleX": 1.0,
              "ScaleY": 1.0
            },
            "CColor": {},
            "IconVisible": false,
            "PrePosition": {
              "X": 0.0,
              "Y": 0.0
            },
            "PreSize": {
              "X": 0.0,
              "Y": 0.0
            },
            "LeftMargin": -640.0,
            "RightMargin": -640.0,
            "TopMargin": -363.35,
            "BottomMargin": -356.65,
            "Tag": 6,
            "ActionTag": 1240075291,
            "Size": {
              "X": 1280.0,
              "Y": 720.0
            },
            "Name": "block",
            "ctype": "PanelObjectData"
          },
          {
            "FontSize": 14,
            "ButtonText": "",
            "TextColor": {
              "R": 65,
              "G": 65,
              "B": 70
            },
            "DisabledFileData": {
              "Type": "Default",
              "Path": "Default/Button_Disable.png",
              "Plist": ""
            },
            "PressedFileData": {
              "Type": "Normal",
              "Path": "png/Z_zhunbei2dianji.png",
              "Plist": ""
            },
            "NormalFileData": {
              "Type": "Normal",
              "Path": "png/Z_zhunbei2.png",
              "Plist": ""
            },
            "Scale9Enable": true,
            "Scale9OriginX": 15,
            "Scale9OriginY": 11,
            "Scale9Width": 147,
            "Scale9Height": 30,
            "OutlineColor": {
              "G": 0,
              "B": 0
            },
            "ShadowColor": {
              "R": 110,
              "G": 110,
              "B": 110
            },
            "ShadowOffsetX": 2.0,
            "ShadowOffsetY": -2.0,
            "TouchEnable": true,
            "AnchorPoint": {
              "ScaleX": 0.5,
              "ScaleY": 0.5
            },
            "Position": {
              "X": 0.0,
              "Y": 0.0
            },
            "Scale": {
              "ScaleX": 1.0,
              "ScaleY": 1.0
            },
            "CColor": {},
            "IconVisible": false,
            "PrePosition": {
              "X": 0.0,
              "Y": 0.0
            },
            "PreSize": {
              "X": 0.0,
              "Y": 0.0
            },
            "LeftMargin": -88.5,
            "RightMargin": -88.5,
            "TopMargin": -26.0,
            "BottomMargin": -26.0,
            "Tag": 5,
            "ActionTag": 1090726936,
            "Size": {
              "X": 177.0,
              "Y": 52.0
            },
            "Name": "restart",
            "ctype": "ButtonObjectData"
          }
        ],
        "Size": {
          "X": 0.0,
          "Y": 0.0
        },
        "Name": "Node",
        "ctype": "SingleNodeObjectData"
      },
      "UsedResources": [
        "Default/Button_Disable.png",
        "png/Z_zhunbei2.png",
        "png/Z_zhunbei2dianji.png"
      ],
      "ctype": "GameFileData"
    }
  },
  "Type": "Node"
}