{
  "ID": "dce3f96f-fede-44e8-99da-e152b0ce75ae",
  "Version": "2.3.4",
  "Name": "PopUpMsg_0",
  "Content": {
    "Content": {
      "Animation": {
        "Duration": 0,
        "Speed": 1.0,
        "Timelines": [],
        "ctype": "TimelineActionData"
      },
      "AnimationList": [],
      "ObjectData": {
        "Tag": 20,
        "Children": [
          {
            "ClipAble": false,
            "BackColorAlpha": 102,
            "ComboBoxIndex": 1,
            "SingleColor": {
              "R": 150,
              "G": 200
            },
            "FirstColor": {
              "R": 150,
              "G": 200
            },
            "EndColor": {},
            "ColorVector": {
              "ScaleY": 1.0
            },
            "Scale9Width": 1,
            "Scale9Height": 1,
            "TouchEnable": true,
            "AnchorPoint": {
              "ScaleX": 0.5,
              "ScaleY": 0.5
            },
            "Position": {
              "X": 0.0,
              "Y": 0.0
            },
            "Scale": {
              "ScaleX": 1.0,
              "ScaleY": 1.0
            },
            "CColor": {},
            "IconVisible": false,
            "PrePosition": {
              "X": 0.0,
              "Y": 0.0
            },
            "PreSize": {
              "X": 0.0,
              "Y": 0.0
            },
            "LeftMargin": -640.0,
            "RightMargin": -640.0,
            "TopMargin": -360.0,
            "BottomMargin": -360.0,
            "Tag": 32,
            "ActionTag": 1766474862,
            "Size": {
              "X": 1280.0,
              "Y": 720.0
            },
            "Name": "block",
            "ctype": "PanelObjectData"
          },
          {
            "FileData": {
              "Type": "Normal",
              "Path": "pop-yli/window-small.png",
              "Plist": ""
            },
            "Scale9OriginX": 170,
            "Scale9OriginY": 127,
            "Scale9Width": 355,
            "Scale9Height": 224,
            "AnchorPoint": {
              "ScaleX": 0.5,
              "ScaleY": 0.5
            },
            "Position": {
              "X": 0.0,
              "Y": 0.0
            },
            "Scale": {
              "ScaleX": 1.0,
              "ScaleY": 1.0
            },
            "CColor": {},
            "IconVisible": false,
            "PrePosition": {
              "X": 0.0,
              "Y": 0.0
            },
            "PreSize": {
              "X": 0.0,
              "Y": 0.0
            },
            "LeftMargin": -347.5,
            "RightMargin": -347.5,
            "TopMargin": -239.0,
            "BottomMargin": -239.0,
            "Tag": 69,
            "Children": [
              {
                "FileData": {
                  "Type": "Normal",
                  "Path": "pop-yli/t_dissolution_03.png",
                  "Plist": ""
                },
                "Scale9OriginX": 185,
                "Scale9OriginY": 23,
                "Scale9Width": 192,
                "Scale9Height": 24,
                "AnchorPoint": {
                  "ScaleX": 0.5,
                  "ScaleY": 0.5
                },
                "Position": {
                  "X": 343.3911,
                  "Y": 441.8433
                },
                "Scale": {
                  "ScaleX": 1.0,
                  "ScaleY": 1.0
                },
                "CColor": {},
                "IconVisible": false,
                "PrePosition": {
                  "X": 0.4941,
                  "Y": 0.9244
                },
                "PreSize": {
                  "X": 0.8086,
                  "Y": 0.1464
                },
                "LeftMargin": 62.3911,
                "RightMargin": 70.6089,
                "TopMargin": 1.1567,
                "BottomMargin": 406.8433,
                "Tag": 289,
                "ActionTag": -484032785,
                "Size": {
                  "X": 562.0,
                  "Y": 70.0
                },
                "Name": "Title",
                "ctype": "ImageViewObjectData"
              },
              {
                "FontSize": 24,
                "LabelText": "请添加联系以下微信号,进行充值。\n请添加联系以下微信号,进行充值。\n请添加联系以下微信号,进行充值。",
                "OutlineColor": {
                  "G": 0,
                  "B": 0
                },
                "ShadowColor": {
                  "R": 110,
                  "G": 110,
                  "B": 110
                },
                "ShadowOffsetX": 2.0,
                "ShadowOffsetY": -2.0,
                "AnchorPoint": {
                  "ScaleX": 0.5,
                  "ScaleY": 0.5
                },
                "Position": {
                  "X": 252.3135,
                  "Y": 166.1814
                },
                "Scale": {
                  "ScaleX": 1.0,
                  "ScaleY": 1.0
                },
                "CColor": {
                  "R": 221,
                  "G": 177,
                  "B": 92
                },
                "IconVisible": false,
                "PrePosition": {
                  "X": 0.363,
                  "Y": 0.3477
                },
                "PreSize": {
                  "X": 0.5353,
                  "Y": 0.1506
                },
                "LeftMargin": 66.3135,
                "RightMargin": 256.6865,
                "TopMargin": 275.8186,
                "BottomMargin": 130.1814,
                "Tag": 165,
                "ActionTag": -1709109701,
                "Size": {
                  "X": 372.0,
                  "Y": 72.0
                },
                "Name": "msg",
                "ctype": "TextObjectData"
              },
              {
                "FontSize": 14,
                "ButtonText": "",
                "TextColor": {
                  "R": 65,
                  "G": 65,
                  "B": 70
                },
                "DisabledFileData": {
                  "Type": "Default",
                  "Path": "Default/Button_Disable.png",
                  "Plist": ""
                },
                "PressedFileData": {
                  "Type": "Normal",
                  "Path": "pop-yli/btn_close_press.png",
                  "Plist": ""
                },
                "NormalFileData": {
                  "Type": "Normal",
                  "Path": "pop-yli/btn_close_normal.png",
                  "Plist": ""
                },
                "Scale9Enable": true,
                "Scale9OriginX": 15,
                "Scale9OriginY": 11,
                "Scale9Width": 115,
                "Scale9Height": 121,
                "OutlineColor": {
                  "G": 0,
                  "B": 0
                },
                "ShadowColor": {
                  "R": 110,
                  "G": 110,
                  "B": 110
                },
                "ShadowOffsetX": 2.0,
                "ShadowOffsetY": -2.0,
                "TouchEnable": true,
                "AnchorPoint": {
                  "ScaleX": 0.5,
                  "ScaleY": 0.5
                },
                "Position": {
                  "X": 677.694,
                  "Y": 459.0097
                },
                "Scale": {
                  "ScaleX": 1.0,
                  "ScaleY": 1.0
                },
                "CColor": {},
                "IconVisible": false,
                "PrePosition": {
                  "X": 0.9751,
                  "Y": 0.9603
                },
                "PreSize": {
                  "X": 0.1439,
                  "Y": 0.2092
                },
                "LeftMargin": 627.694,
                "RightMargin": -32.694,
                "TopMargin": -31.0097,
                "BottomMargin": 409.0097,
                "Tag": 71,
                "ActionTag": 1575123502,
                "Size": {
                  "X": 100.0,
                  "Y": 100.0
                },
                "Name": "no",
                "ctype": "ButtonObjectData"
              },
              {
                "FontSize": 14,
                "ButtonText": "",
                "TextColor": {
                  "R": 65,
                  "G": 65,
                  "B": 70
                },
                "DisabledFileData": {
                  "Type": "Default",
                  "Path": "Default/Button_Disable.png",
                  "Plist": ""
                },
                "PressedFileData": {
                  "Type": "Normal",
                  "Path": "png/Z_queding1_h.png",
                  "Plist": ""
                },
                "NormalFileData": {
                  "Type": "Normal",
                  "Path": "png/Z_queding1.png",
                  "Plist": ""
                },
                "Scale9Enable": true,
                "Scale9OriginX": 15,
                "Scale9OriginY": 11,
                "Scale9Width": 87,
                "Scale9Height": 29,
                "OutlineColor": {
                  "G": 0,
                  "B": 0
                },
                "ShadowColor": {
                  "R": 110,
                  "G": 110,
                  "B": 110
                },
                "ShadowOffsetX": 2.0,
                "ShadowOffsetY": -2.0,
                "TouchEnable": true,
                "AnchorPoint": {
                  "ScaleX": 0.5,
                  "ScaleY": 0.5
                },
                "Position": {
                  "X": 255.1107,
                  "Y": 47.8538
                },
                "Scale": {
                  "ScaleX": 1.0,
                  "ScaleY": 1.0
                },
                "CColor": {},
                "IconVisible": false,
                "PrePosition": {
                  "X": 0.3671,
                  "Y": 0.1001
                },
                "PreSize": {
                  "X": 0.1683,
                  "Y": 0.1067
                },
                "LeftMargin": 196.6107,
                "RightMargin": 381.3893,
                "TopMargin": 404.6462,
                "BottomMargin": 22.3538,
                "Tag": 164,
                "ActionTag": -1513567581,
                "Size": {
                  "X": 117.0,
                  "Y": 51.0
                },
                "Name": "yes",
                "ctype": "ButtonObjectData"
              }
            ],
            "ActionTag": 1752009386,
            "Size": {
              "X": 695.0,
              "Y": 478.0
            },
            "Name": "back",
            "ctype": "ImageViewObjectData"
          }
        ],
        "Size": {
          "X": 0.0,
          "Y": 0.0
        },
        "Name": "Node",
        "ctype": "SingleNodeObjectData"
      },
      "UsedResources": [
        "Default/Button_Disable.png",
        "png/Z_queding1.png",
        "png/Z_queding1_h.png",
        "pop-yli/btn_close_normal.png",
        "pop-yli/btn_close_press.png",
        "pop-yli/t_dissolution_03.png",
        "pop-yli/window-small.png"
      ],
      "ctype": "GameFileData"
    }
  },
  "Type": "Node"
}