{
  "ID": "100295f5-b0b6-4d55-9afc-3406c8224981",
  "Version": "3.10.0.0",
  "Name": "SameIP",
  "Content": {
    "Content": {
      "Animation": {
        "Duration": 0,
        "Speed": 1.0,
        "Timelines": [],
        "ctype": "TimelineActionData"
      },
      "AnimationList": [],
      "ObjectData": {
        "Tag": 20,
        "Children": [
          {
            "ClipAble": false,
            "BackColorAlpha": 178,
            "ComboBoxIndex": 1,
            "SingleColor": {
              "R": 0,
              "G": 0,
              "B": 0
            },
            "FirstColor": {
              "R": 150,
              "G": 200
            },
            "EndColor": {},
            "ColorVector": {
              "ScaleY": 1.0
            },
            "Scale9Width": 1,
            "Scale9Height": 1,
            "TouchEnable": true,
            "AnchorPoint": {
              "ScaleX": 0.5,
              "ScaleY": 0.5
            },
            "Position": {
              "X": 0.0,
              "Y": 0.0
            },
            "Scale": {
              "ScaleX": 1.0,
              "ScaleY": 1.0
            },
            "CColor": {
              "R": 0,
              "G": 0,
              "B": 0
            },
            "IconVisible": false,
            "PrePosition": {
              "X": 0.0,
              "Y": 0.0
            },
            "PreSize": {
              "X": 0.0,
              "Y": 0.0
            },
            "LeftMargin": -640.0,
            "RightMargin": -640.0,
            "TopMargin": -360.0,
            "BottomMargin": -360.0,
            "Tag": 1410,
            "ActionTag": 207378374,
            "Size": {
              "X": 1280.0,
              "Y": 720.0
            },
            "Alpha": 204,
            "Name": "block",
            "ctype": "PanelObjectData"
          },
          {
            "FileData": {
              "Type": "Normal",
              "Path": "set/window-small.png",
              "Plist": ""
            },
            "Scale9OriginX": 170,
            "Scale9OriginY": 127,
            "Scale9Width": 355,
            "Scale9Height": 224,
            "AnchorPoint": {
              "ScaleX": 0.5,
              "ScaleY": 0.5
            },
            "Position": {
              "X": 0.0,
              "Y": 0.0
            },
            "Scale": {
              "ScaleX": 1.0,
              "ScaleY": 1.0
            },
            "CColor": {},
            "IconVisible": false,
            "PrePosition": {
              "X": 0.0,
              "Y": 0.0
            },
            "PreSize": {
              "X": 0.0,
              "Y": 0.0
            },
            "LeftMargin": -347.5,
            "RightMargin": -347.5,
            "TopMargin": -239.0,
            "BottomMargin": -239.0,
            "Tag": 69,
            "Children": [
              {
                "FileData": {
                  "Type": "Normal",
                  "Path": "dissolveRoomNew/t_dissolution_06.png",
                  "Plist": ""
                },
                "Scale9OriginX": 185,
                "Scale9OriginY": 23,
                "Scale9Width": 192,
                "Scale9Height": 24,
                "AnchorPoint": {
                  "ScaleX": 0.5,
                  "ScaleY": 0.5
                },
                "Position": {
                  "X": 350.7599,
                  "Y": 442.0401
                },
                "Scale": {
                  "ScaleX": 1.0,
                  "ScaleY": 1.0
                },
                "CColor": {},
                "IconVisible": false,
                "PrePosition": {
                  "X": 0.5047,
                  "Y": 0.9248
                },
                "PreSize": {
                  "X": 0.8086,
                  "Y": 0.1464
                },
                "LeftMargin": 69.7599,
                "RightMargin": 63.2401,
                "TopMargin": 0.9599,
                "BottomMargin": 407.0401,
                "Tag": 297,
                "ActionTag": 2024126156,
                "Size": {
                  "X": 562.0,
                  "Y": 70.0
                },
                "Name": "biaoti",
                "ctype": "ImageViewObjectData"
              },
              {
                "FontSize": 32,
                "LabelText": "请添加联系以下微信号,进行充值。\n请添加联系以下微信号,进行充值。\n请添加联系以下微信号,进行充值。\n请添加联系以下微信号,进行充值。\n请添加联系以下微信号,进行充值。\n请添加联系以下微信号,进行充值",
                "OutlineColor": {
                  "G": 0,
                  "B": 0
                },
                "ShadowColor": {
                  "R": 110,
                  "G": 110,
                  "B": 110
                },
                "ShadowOffsetX": 2.0,
                "ShadowOffsetY": -2.0,
                "AnchorPoint": {
                  "ScaleX": 0.5,
                  "ScaleY": 0.5
                },
                "Position": {
                  "X": 348.0404,
                  "Y": 249.2336
                },
                "Scale": {
                  "ScaleX": 1.0,
                  "ScaleY": 1.0
                },
                "CColor": {
                  "R": 228,
                  "G": 192,
                  "B": 112
                },
                "IconVisible": false,
                "PrePosition": {
                  "X": 0.5008,
                  "Y": 0.5214
                },
                "PreSize": {
                  "X": 0.7137,
                  "Y": 0.4142
                },
                "LeftMargin": 100.0404,
                "RightMargin": 98.9596,
                "TopMargin": 129.7664,
                "BottomMargin": 150.2336,
                "Tag": 165,
                "ActionTag": -1709109701,
                "Size": {
                  "X": 496.0,
                  "Y": 198.0
                },
                "Name": "msg",
                "ctype": "TextObjectData"
              },
              {
                "FontSize": 14,
                "ButtonText": "",
                "TextColor": {
                  "R": 65,
                  "G": 65,
                  "B": 70
                },
                "DisabledFileData": {
                  "Type": "Default",
                  "Path": "Default/Button_Disable.png",
                  "Plist": ""
                },
                "PressedFileData": {
                  "Type": "Normal",
                  "Path": "dissolveRoomNew/btn_continue_press.png",
                  "Plist": ""
                },
                "NormalFileData": {
                  "Type": "Normal",
                  "Path": "dissolveRoomNew/btn_continue_normal.png",
                  "Plist": ""
                },
                "Scale9Enable": true,
                "Scale9OriginX": 15,
                "Scale9OriginY": 11,
                "Scale9Width": 140,
                "Scale9Height": 43,
                "OutlineColor": {
                  "G": 0,
                  "B": 0
                },
                "ShadowColor": {
                  "R": 110,
                  "G": 110,
                  "B": 110
                },
                "ShadowOffsetX": 2.0,
                "ShadowOffsetY": -2.0,
                "TouchEnable": true,
                "AnchorPoint": {
                  "ScaleX": 0.5,
                  "ScaleY": 0.5
                },
                "Position": {
                  "X": 456.5109,
                  "Y": 101.5023
                },
                "Scale": {
                  "ScaleX": 1.0,
                  "ScaleY": 1.0
                },
                "CColor": {},
                "IconVisible": false,
                "PrePosition": {
                  "X": 0.6569,
                  "Y": 0.2123
                },
                "PreSize": {
                  "X": 0.2446,
                  "Y": 0.136
                },
                "LeftMargin": 371.5109,
                "RightMargin": 153.4891,
                "TopMargin": 343.9977,
                "BottomMargin": 69.0023,
                "Tag": 164,
                "ActionTag": -1513567581,
                "Size": {
                  "X": 170.0,
                  "Y": 65.0
                },
                "Name": "yes",
                "ctype": "ButtonObjectData"
              },
              {
                "FontSize": 14,
                "ButtonText": "",
                "TextColor": {
                  "R": 65,
                  "G": 65,
                  "B": 70
                },
                "DisabledFileData": {
                  "Type": "Default",
                  "Path": "Default/Button_Disable.png",
                  "Plist": ""
                },
                "PressedFileData": {
                  "Type": "Normal",
                  "Path": "dissolveRoomNew/btn_dissolution_press.png",
                  "Plist": ""
                },
                "NormalFileData": {
                  "Type": "Normal",
                  "Path": "dissolveRoomNew/btn_dissolution_normal.png",
                  "Plist": ""
                },
                "Scale9Enable": true,
                "Scale9OriginX": 15,
                "Scale9OriginY": 11,
                "Scale9Width": 140,
                "Scale9Height": 43,
                "OutlineColor": {
                  "G": 0,
                  "B": 0
                },
                "ShadowColor": {
                  "R": 110,
                  "G": 110,
                  "B": 110
                },
                "ShadowOffsetX": 2.0,
                "ShadowOffsetY": -2.0,
                "TouchEnable": true,
                "AnchorPoint": {
                  "ScaleX": 0.5,
                  "ScaleY": 0.5
                },
                "Position": {
                  "X": 241.4496,
                  "Y": 101.9295
                },
                "Scale": {
                  "ScaleX": 1.0,
                  "ScaleY": 1.0
                },
                "CColor": {},
                "IconVisible": false,
                "PrePosition": {
                  "X": 0.3474,
                  "Y": 0.2132
                },
                "PreSize": {
                  "X": 0.2446,
                  "Y": 0.136
                },
                "LeftMargin": 156.4496,
                "RightMargin": 368.5504,
                "TopMargin": 343.5705,
                "BottomMargin": 69.4295,
                "Tag": 28,
                "ActionTag": -418384622,
                "Size": {
                  "X": 170.0,
                  "Y": 65.0
                },
                "Name": "del",
                "ctype": "ButtonObjectData"
              }
            ],
            "ActionTag": 1752009386,
            "Size": {
              "X": 695.0,
              "Y": 478.0
            },
            "Name": "back",
            "ctype": "ImageViewObjectData"
          }
        ],
        "Size": {
          "X": 0.0,
          "Y": 0.0
        },
        "Name": "Node",
        "ctype": "SingleNodeObjectData"
      },
      "UsedResources": [
        "Default/Button_Disable.png",
        "dissolveRoomNew/btn_continue_normal.png",
        "dissolveRoomNew/btn_continue_press.png",
        "dissolveRoomNew/btn_dissolution_normal.png",
        "dissolveRoomNew/btn_dissolution_press.png",
        "dissolveRoomNew/t_dissolution_06.png",
        "set/window-small.png"
      ],
      "ctype": "GameFileData"
    }
  },
  "Type": "Node"
}