{
  "ID": "59ddeecc-72c7-4893-8d1d-f42f87c478d1",
  "Version": "3.10.0.0",
  "Name": "SkipHu",
  "Content": {
    "Content": {
      "Animation": {
        "Duration": 0,
        "Speed": 1.0,
        "Timelines": [],
        "ctype": "TimelineActionData"
      },
      "AnimationList": [],
      "ObjectData": {
        "Children": [
          {
            "FileData": {
              "Type": "Default",
              "Path": "Default/ImageFile.png",
              "Plist": ""
            },
            "Scale9OriginX": 28,
            "Scale9OriginY": 8,
            "Scale9Width": 30,
            "Scale9Height": 11,
            "AnchorPoint": {
              "ScaleX": 0.5,
              "ScaleY": 0.5
            },
            "Position": {
              "X": -29.2035,
              "Y": 14.6133
            },
            "Scale": {
              "ScaleX": 1.0,
              "ScaleY": 1.0
            },
            "CColor": {},
            "IconVisible": false,
            "PrePosition": {
              "X": 0.0,
              "Y": 0.0
            },
            "PreSize": {
              "X": 0.0,
              "Y": 0.0
            },
            "LeftMargin": -72.2035,
            "RightMargin": -13.7965,
            "TopMargin": -28.1133,
            "BottomMargin": 1.1133,
            "Tag": 3,
            "Children": [
              {
                "FontSize": 20,
                "LabelText": "过胡",
                "OutlineColor": {
                  "G": 0,
                  "B": 0
                },
                "ShadowColor": {
                  "R": 110,
                  "G": 110,
                  "B": 110
                },
                "ShadowOffsetX": 2.0,
                "ShadowOffsetY": -2.0,
                "AnchorPoint": {
                  "ScaleX": 0.5,
                  "ScaleY": 0.5
                },
                "Position": {
                  "X": 42.847,
                  "Y": 12.5506
                },
                "Scale": {
                  "ScaleX": 1.0,
                  "ScaleY": 1.0
                },
                "CColor": {
                  "G": 165,
                  "B": 0
                },
                "IconVisible": false,
                "PrePosition": {
                  "X": 0.4982,
                  "Y": 0.4648
                },
                "PreSize": {
                  "X": 0.4651,
                  "Y": 0.7407
                },
                "LeftMargin": 22.847,
                "RightMargin": 23.153,
                "TopMargin": 4.4494,
                "BottomMargin": 2.5506,
                "Tag": 4,
                "ActionTag": 1731308083,
                "Size": {
                  "X": 40.0,
                  "Y": 20.0
                },
                "Name": "Text_1",
                "ctype": "TextObjectData"
              }
            ],
            "ActionTag": 480261716,
            "Size": {
              "X": 86.0,
              "Y": 27.0
            },
            "Name": "Image_1",
            "ctype": "ImageViewObjectData"
          }
        ],
        "Size": {
          "X": 0.0,
          "Y": 0.0
        },
        "Name": "Node",
        "ctype": "SingleNodeObjectData"
      },
      "UsedResources": [
        "Default/ImageFile.png"
      ],
      "ctype": "GameFileData"
    }
  },
  "Type": "Node"
}